"gene_id","gene_name","t_stat","p_val","FDR"
"ENSG00000134982","APC",8.36154671931368,1.11768176805217e-12,1.63080946776492e-08
"ENSG00000183644","C11orf88",7.72486248843155,2.1119217539923e-11,1.54075251562508e-07
"ENSG00000243910","TUBA4B",7.02362435870179,5.16303115059102e-10,2.51112625060912e-06
"ENSG00000133115","STOML3",6.90574603298259,8.78214035790742e-10,3.20350524905568e-06
"ENSG00000186973","FAM183A",6.75552499252117,1.72272925675394e-09,4.62816500767653e-06
"ENSG00000160472","TMEM190",6.7332460708087,1.90315879967508e-09,4.62816500767653e-06
"ENSG00000215187","FAM166B",6.60568099993395,3.36068426987089e-09,7.00510631166945e-06
"ENSG00000213085","CFAP45",6.03923268508646,4.03402429023522e-08,7.35755605235277e-05
"ENSG00000177989","ODF3B",5.90368519317541,7.23097513731181e-08,0.000108902078680571
"ENSG00000167646","DNAAF3",5.88467790069005,7.84462248092242e-08,0.000108902078680571
"ENSG00000214688","C10orf105",5.87404459635605,8.21001209983058e-08,0.000108902078680571
"ENSG00000153347","FAM81B",5.85086284478848,9.06572405914013e-08,0.000110231649789095
"ENSG00000136918","WDR38",5.80761003390268,1.09036517854774e-07,0.000122380910155308
"ENSG00000186710","CFAP73",5.78669809994077,1.19193349529507e-07,0.000124225011641789
"ENSG00000091428","RAPGEF4",5.74381999837701,1.43019619589569e-07,0.000139119951295427
"ENSG00000077327","SPAG6",5.66307336283336,2.01287056279971e-07,0.000179549437947592
"ENSG00000180638","SLC47A2",5.65394216165703,2.0919336886499e-07,0.000179549437947592
"ENSG00000258752","AL357093.2",5.59167113333929,2.71872965458686e-07,0.000220383246611538
"ENSG00000105519","CAPS",5.49351070021012,4.09957804734203e-07,0.000312541055318595
"ENSG00000141519","CCDC40",5.48294987558219,4.28402515685827e-07,0.000312541055318595
"ENSG00000171595","DNAI2",5.3884994915673,6.34010083487794e-07,0.000440516244198591
"ENSG00000004838","ZMYND10",5.34684014022621,7.52979578507996e-07,0.000499396592273189
"ENSG00000132854","KANK4",5.33252482563773,7.98711065681729e-07,0.000506695354754874
"ENSG00000176601","MAP3K19",5.30103609417103,9.09095430791382e-07,0.000552692142944878
"ENSG00000286830","AC105052.5",5.25957126453527,1.07749785620852e-06,0.000628870848797541
"ENSG00000172361","CFAP53",5.18034784916066,1.48837077489173e-06,0.000835262229863276
"ENSG00000137198","GMPR",5.13336913708759,1.80072465839733e-06,0.000973124944099091
"ENSG00000245067","IGFBP7-AS1",5.11374807505491,1.94939652041974e-06,0.00101584445105159
"ENSG00000165309","ARMC3",5.08542212223871,2.18539636842423e-06,0.0010559579386093
"ENSG00000286923","AC004522.5",5.07998431147804,2.2337941668739e-06,0.0010559579386093
"ENSG00000168589","DYNLRB2",5.07890928023836,2.24348544286808e-06,0.0010559579386093
"ENSG00000165588","OTX2",5.03826307519648,2.64162875974711e-06,0.00120450016354594
"ENSG00000205929","C21orf62",4.93162490171841,4.04314746141282e-06,0.00178768377604468
"ENSG00000260440","LINC01544",4.91802526681868,4.26733172923816e-06,0.00183131286062688
"ENSG00000137473","TTC29",4.9105445534961,4.39576868136883e-06,0.00183253316656722
"ENSG00000180739","S1PR5",4.88935871266561,4.78030333326931e-06,0.00193161239450446
"ENSG00000153789","FAM92B",4.84063006103625,5.7933721950499e-06,0.00218284779403145
"ENSG00000141294","LRRC46",4.83883244076483,5.83449139656135e-06,0.00218284779403145
"ENSG00000186471","AKAP14",4.82480021092498,6.16538605479977e-06,0.00224897869813958
"ENSG00000175785","PRIMA1",4.8101585529381,6.53011998284074e-06,0.00232392635779584
"ENSG00000158715","SLC45A3",4.75207754465515,8.19525181471861e-06,0.00273276730095286
"ENSG00000204323","SMIM5",4.75045759810306,8.24716857529659e-06,0.00273276730095286
"ENSG00000169562","GJB1",4.74262288476797,8.50280790498836e-06,0.00273276730095286
"ENSG00000188687","SLC4A5",4.73924464876001,8.6153996192058e-06,0.00273276730095286
"ENSG00000168658","VWA3B",4.72757162035206,9.01571607464798e-06,0.002746225921618
"ENSG00000124251","TP53TG5",4.71903027044411,9.32003488940955e-06,0.002746225921618
"ENSG00000158865","SLC5A11",4.71772420492971,9.3674402897089e-06,0.002746225921618
"ENSG00000111816","FRK",4.71409977878745,9.50022493995039e-06,0.002746225921618
"ENSG00000167858","TEKT1",4.71143820044831,9.59889808803497e-06,0.002746225921618
"ENSG00000187726","DNAJB13",4.696579527818,1.0168332386351e-05,0.00285319495863939
"ENSG00000243629","LINC00880",4.68238380011821,1.07429516157304e-05,0.00295755484953061
"ENSG00000172508","CARNS1",4.67444107753182,1.10780990279924e-05,0.00299265609437562
"ENSG00000133665","DYDC2",4.66975302225521,1.12806582955698e-05,0.00299265609437562
"ENSG00000254682","AP002387.2",4.66293503878881,1.15816814135713e-05,0.00301764845545392
"ENSG00000188523","CFAP77",4.65670604971584,1.18635105009282e-05,0.00303685055647445
"ENSG00000168314","MOBP",4.64672197993346,1.23291860433272e-05,0.00310164057858943
"ENSG00000160401","CFAP157",4.63762364691957,1.27689741801463e-05,0.00310741930830635
"ENSG00000204655","MOG",4.63743822982043,1.27780932422988e-05,0.00310741930830635
"ENSG00000107798","LIPA",4.61702991337788,1.38214103639833e-05,0.00330603604296526
"ENSG00000128591","FLNC",4.57009223664297,1.65443789442509e-05,0.00383629661901238
"ENSG00000164746","C7orf57",4.56978055309867,1.65640934135961e-05,0.00383629661901238
"ENSG00000157330","C1orf158",4.56182040249886,1.70753775702068e-05,0.00389291928323262
"ENSG00000113140","SPARC",4.55197811888617,1.77287406653083e-05,0.003978422636754
"ENSG00000002586","CD99",4.54805686432934,1.79957435423045e-05,0.003978422636754
"ENSG00000283462","AC008505.1",4.54271164796463,1.8365992877655e-05,0.00399256186312887
"ENSG00000011426","ANLN",4.53928863588741,1.86069636551822e-05,0.00399256186312887
"ENSG00000186009","ATP4B",4.53285711367208,1.90680410992808e-05,0.00400228449473404
"ENSG00000198774","RASSF9",4.53103223635471,1.9200871402329e-05,0.00400228449473404
"ENSG00000167755","KLK6",4.5213457352844,1.99210911076461e-05,0.00402873475867377
"ENSG00000240583","AQP1",4.51956205521498,2.00565372596045e-05,0.00402873475867377
"ENSG00000140479","PCSK6",4.51467526797003,2.04322097280419e-05,0.00402873475867377
"ENSG00000139537","CCDC65",4.50616155222609,2.11030506557599e-05,0.00405150805418675
"ENSG00000013297","CLDN11",4.49452864933841,2.20542600055568e-05,0.00409006990662609
"ENSG00000227115","LINC01630",4.49355948157493,2.21353557557136e-05,0.00409006990662609
"ENSG00000126838","PZP",4.49075554178313,2.2371607260011e-05,0.00409006990662609
"ENSG00000205795","CYS1",4.49012387506071,2.2425165686388e-05,0.00409006990662609
"ENSG00000197971","MBP",4.47012670053415,2.41863883378362e-05,0.00430370234435815
"ENSG00000166596","CFAP52",4.465086000223,2.46510515176318e-05,0.00433353605655139
"ENSG00000255337","AP001830.1",4.45945552781257,2.51803005080511e-05,0.0043379056583563
"ENSG00000110195","FOLR1",4.45850728886131,2.52705079131167e-05,0.0043379056583563
"ENSG00000263011","AC108134.4",4.43852080906436,2.72462782581476e-05,0.00461408774269745
"ENSG00000066322","ELOVL1",4.43594181685393,2.75118657812815e-05,0.00461408774269745
"ENSG00000148826","NKX6-2",4.4234745172024,2.88314878698844e-05,0.00478045726715322
"ENSG00000261329","AC016597.1",4.41963992195231,2.92495369967489e-05,0.00479528083505128
"ENSG00000244274","DBNDD2",4.41389272148554,2.98870982816177e-05,0.00484536278918981
"ENSG00000173786","CNP",4.39833233729337,3.16814710610741e-05,0.00502898233921494
"ENSG00000152760","TCTEX1D1",4.39810010772428,3.17090244128418e-05,0.00502898233921494
"ENSG00000152611","CAPSL",4.3950494939886,3.20731290678325e-05,0.00503203254009403
"ENSG00000034239","EFCAB1",4.37382851086457,3.4720170761186e-05,0.00538097141911998
"ENSG00000164171","ITGA2",4.37122383057894,3.505926706675e-05,0.00538097141911998
"ENSG00000171840","NINJ2",4.36860407140045,3.54035539877677e-05,0.00538097141911998
"ENSG00000179902","C1orf194",4.36124106761214,3.63887816960396e-05,0.00547369807965891
"ENSG00000228793","AL033523.1",4.35659716850526,3.70237400533747e-05,0.00550824057313483
"ENSG00000131386","GALNT15",4.35407234387547,3.73734368268349e-05,0.00550824057313483
"ENSG00000080572","PIH1D3",4.34579141491349,3.85429122442831e-05,0.00562379632556334
"ENSG00000069011","PITX1",4.33659254191166,3.98834692062748e-05,0.00576177919988867
"ENSG00000224189","HAGLR",4.32899269316043,4.10248667730901e-05,0.0058115905930695
"ENSG00000091513","TF",4.31020816511678,4.39830190418009e-05,0.00607429345482227
"ENSG00000223774","AL513217.1",4.30700495373694,4.4507587406796e-05,0.00607429345482227
"ENSG00000176046","NUPR1",4.30674040226067,4.45511801740569e-05,0.00607429345482227
"ENSG00000142621","FHAD1",4.30634917839215,4.46157215515687e-05,0.00607429345482227
"ENSG00000123560","PLP1",4.30372986149265,4.50501688220744e-05,0.00607429345482227
"ENSG00000164972","C9orf24",4.30177450055775,4.53771493780843e-05,0.00607429345482227
"ENSG00000119147","ECRG4",4.2983885899296,4.59487748906969e-05,0.00609489613118326
"ENSG00000173947","PIFO",4.24197855116244,5.65587434895512e-05,0.00731481112459957
"ENSG00000141934","PLPP2",4.23913961133836,5.71508785007437e-05,0.00731481112459957
"ENSG00000080822","CLDND1",4.230721128071,5.89421150214908e-05,0.00747847304590063
"ENSG00000105479","CCDC114",4.21721620538742,6.1929159439967e-05,0.0077897272878324
"ENSG00000135046","ANXA1",4.19539760177586,6.70655564175983e-05,0.00830572400970297
"ENSG00000160307","S100B",4.19430445068472,6.73334091986024e-05,0.00830572400970297
"ENSG00000155761","SPAG17",4.19203658847289,6.78923887661546e-05,0.00830572400970297
"ENSG00000176720","BOK",4.19036068101627,6.83083326135534e-05,0.00830572400970297
"ENSG00000159713","TPPP3",4.18363511401093,7.00023701283121e-05,0.00837344907242898
"ENSG00000176912","TYMSOS",4.183593111932,7.00130756518632e-05,0.00837344907242898
"ENSG00000187775","DNAH17",4.16272548090553,7.55313731287265e-05,0.00892333697843201
"ENSG00000277749","AC023300.2",4.16162400126054,7.58339925519546e-05,0.00892333697843201
"ENSG00000188931","CFAP126",4.15731843986746,7.70281309569549e-05,0.00899133967034343
"ENSG00000068903","SIRT2",4.14889855803489,7.94158674661578e-05,0.00919051192071242
"ENSG00000188396","TCTEX1D4",4.14642340667806,8.01312166328781e-05,0.00919051192071242
"ENSG00000054690","PLEKHH1",4.14395615886394,8.08504486550861e-05,0.00919051192071242
"ENSG00000135926","TMBIM1",4.14258130123083,8.12539262402784e-05,0.00919051192071242
"ENSG00000118271","TTR",4.1360855697266,8.31865575992206e-05,0.00933673124561714
"ENSG00000149557","FEZ1",4.12705422986847,8.59471999694268e-05,0.0095066685282916
"ENSG00000277494","GPIHBP1",4.12660139496701,8.60879141426065e-05,0.0095066685282916
"ENSG00000139737","SLAIN1",4.12478279638773,8.66552610693429e-05,0.0095066685282916
"ENSG00000184608","FAM167A-AS1",4.11550221289156,8.96069566476847e-05,0.00975712764512215
"ENSG00000152137","HSPB8",4.10961284305495,9.15299522579503e-05,0.00982229097655736
"ENSG00000130958","SLC35D2",4.10954677178803,9.15517492160785e-05,0.00982229097655736
"ENSG00000248712","CCDC153",4.10323320466131,9.36577767724674e-05,0.00986023190170229
"ENSG00000012223","LTF",4.10200754663399,9.40719835831586e-05,0.00986023190170229
"ENSG00000132702","HAPLN2",4.10071165237205,9.45118410721183e-05,0.00986023190170229
"ENSG00000143418","CERS2",4.10042768745598,9.46084892220081e-05,0.00986023190170229
"ENSG00000106927","AMBP",4.09315432127718,9.71166191515553e-05,0.0100498481563145
"ENSG00000143995","MEIS1",4.0768968080403,0.000102955896119925,0.0105198211313254
"ENSG00000102934","PLLP",4.07635740473562,0.000103155303165004,0.0105198211313254
"ENSG00000158104","HPD",4.07352672709587,0.000104207846606504,0.0105198211313254
"ENSG00000167641","PPP1R14A",4.0726334877422,0.000104542119391555,0.0105198211313254
"ENSG00000137573","SULF1",4.06842432902247,0.000106131202112024,0.0106065778768256
"ENSG00000105695","MAG",4.06454000278246,0.000107618211797899,0.0106820226417901
"ENSG00000179178","TMEM125",4.05403350932215,0.000111741256713325,0.0110163288966495
"ENSG00000129654","FOXJ1",4.05198314079683,0.00011256337422261,0.0110229006260544
"ENSG00000287189","AL121956.6",4.04522311542779,0.00011531521007287,0.0111772796899447
"ENSG00000026508","CD44",4.04435815938748,0.000115671937028418,0.0111772796899447
"ENSG00000105355","PLIN3",4.03454631886044,0.000119793428980555,0.0114120187469787
"ENSG00000196517","SLC6A9",4.03194144272197,0.000120911067232478,0.0114120187469787
"ENSG00000137098","SPAG8",4.03120298213394,0.000121229724198595,0.0114120187469787
"ENSG00000215217","C5orf49",4.02564638382426,0.000123653457257754,0.0115655615054352
"ENSG00000126803","HSPA2",4.0234067608336,0.000124643445788859,0.0115839013853837
"ENSG00000086205","FOLH1",4.01958479077168,0.00012635046899229,0.0116682259054842
"ENSG00000214140","PRCD",4.01493807382666,0.000128456068964386,0.0117880660519456
"ENSG00000136541","ERMN",4.0082674687367,0.000131537693063548,0.0119549492793571
"ENSG00000012171","SEMA3B",4.00746470367304,0.000131913291342368,0.0119549492793571
"ENSG00000131095","GFAP",4.00176144824104,0.000134611497822722,0.0121241750909342
"ENSG00000140450","ARRDC4",3.99993078710602,0.000135488745320061,0.0121283207543866
"ENSG00000204860","FAM201A",3.99808363447149,0.00013637944975275,0.0121336131179413
"ENSG00000197826","CFAP299",3.98516689922397,0.000142766684418734,0.0125524519156148
"ENSG00000157005","SST",3.97782531331955,0.00014652382457336,0.0128019708044904
"ENSG00000198835","GJC2",3.96722501513291,0.00015211622289,0.013211475048738
"ENSG00000112539","C6orf118",3.95922357878052,0.00015647237864733,0.0134710203039295
"ENSG00000198740","ZNF652",3.95736826747244,0.000157499383030756,0.0134710203039295
"ENSG00000158423","RIBC1",3.95669378671997,0.000157874338425875,0.0134710203039295
"ENSG00000166394","CYB5R2",3.95354063790357,0.00015963859782685,0.0135423650051835
"ENSG00000203706","SERTAD4-AS1",3.94810016033753,0.000162727153963938,0.0136541296559402
"ENSG00000070214","SLC44A1",3.94674906708816,0.000163502992460105,0.0136541296559402
"ENSG00000163879","DNALI1",3.94264937205535,0.000165878900016001,0.0136742318086637
"ENSG00000066468","FGFR2",3.92709448308497,0.000175197629423961,0.0142159535866762
"ENSG00000277639","AC007906.2",3.92680894455681,0.000175373288026984,0.0142159535866762
"ENSG00000206073","SERPINB4",3.91740744916042,0.000181251987987479,0.014611313573068
"ENSG00000164402","SEPTIN8",3.90453975784562,0.000189604418124356,0.0152006487079806
"ENSG00000183230","CTNNA3",3.90011323127093,0.000192561860164867,0.0153237577158024
"ENSG00000174607","UGT8",3.89910673136963,0.000193240450942886,0.0153237577158024
"ENSG00000242808","SOX2-OT",3.89485160784341,0.000196134647380999,0.0154691926483035
"ENSG00000114019","AMOTL2",3.88888361050532,0.000200263805966793,0.0156917851168951
"ENSG00000162598","C1orf87",3.88675551092351,0.000201756206570901,0.0156917851168951
"ENSG00000084453","SLCO1A2",3.88337598786751,0.000204148082290938,0.0156917851168951
"ENSG00000188596","CFAP54",3.88112860726216,0.000205753660163548,0.0156917851168951
"ENSG00000164889","SLC4A2",3.87935114706002,0.00020703205850032,0.0156917851168951
"ENSG00000238217","LINC01877",3.87922451355173,0.000207123425965476,0.0156917851168951
"ENSG00000148204","CRB2",3.8784490904675,0.000207683743412901,0.0156917851168951
"ENSG00000135205","CCDC146",3.8772670633536,0.000208540659834123,0.0156917851168951
"ENSG00000136867","SLC31A2",3.87629334922236,0.000209249096398201,0.0156917851168951
"ENSG00000099194","SCD",3.87375941621859,0.000211103485931184,0.0156917851168951
"ENSG00000078804","TP53INP2",3.87313817255809,0.000211560517841848,0.0156917851168951
"ENSG00000124374","PAIP2B",3.87261471001,0.00021194634884896,0.0156917851168951
"ENSG00000227544","AC018647.1",3.87084025513574,0.000213259264602913,0.0156917851168951
"ENSG00000150656","CNDP1",3.86982612189473,0.00021401310659051,0.0156917851168951
"ENSG00000140481","CCDC33",3.8608497280744,0.000220797528135257,0.0161082836651077
"ENSG00000108387","SEPTIN4",3.85618136335656,0.000224406654529514,0.0162900978457659
"ENSG00000136960","ENPP2",3.85475245548754,0.000225522566297355,0.0162900978457659
"ENSG00000183196","CHST6",3.85144564734001,0.000228125396824316,0.0163969343106581
"ENSG00000180354","MTURN",3.84696962823495,0.00023169426719383,0.0165718188854175
"ENSG00000184144","CNTN2",3.84437009231253,0.000233791371569487,0.0166402434271726
"ENSG00000079435","LIPE",3.84267519449262,0.00023516843342135,0.016657002971121
"ENSG00000049089","COL9A2",3.83533797473394,0.000241219590915858,0.0168386536256907
"ENSG00000100842","EFS",3.83458037610376,0.000241852798128773,0.0168386536256907
"ENSG00000196187","TMEM63A",3.83398777398515,0.000242349205770342,0.0168386536256907
"ENSG00000047457","CP",3.83009612238817,0.00024563339437496,0.0169859566697869
"ENSG00000172548","NIPAL4",3.82577947143008,0.000249325935226268,0.0171599750985211
"ENSG00000235501","AC105942.1",3.81662191490483,0.000257335678039951,0.0176280980200982
"ENSG00000158859","ADAMTS4",3.80459806774318,0.000268225900004639,0.0182342654679392
"ENSG00000140057","AK7",3.80410263886282,0.000268683919923715,0.0182342654679392
"ENSG00000141540","TTYH2",3.80237690628682,0.000270285178453979,0.0182580140686204
"ENSG00000064787","BCAS1",3.80050830218433,0.000272029267233749,0.0182911476415098
"ENSG00000172893","DHCR7",3.79467498869235,0.00027754320443812,0.018563472077537
"ENSG00000109846","CRYAB",3.79117716283435,0.00028090047417845,0.018563472077537
"ENSG00000179403","VWA1",3.79058194908034,0.000281475612141681,0.018563472077537
"ENSG00000064651","SLC12A2",3.78972123721029,0.000282309279736148,0.018563472077537
"ENSG00000121898","CPXM2",3.78958587745356,0.000282440600453238,0.018563472077537
"ENSG00000125247","TMTC4",3.78545549861742,0.000286475854905647,0.0187442564974363
"ENSG00000070759","TESK2",3.78068035235301,0.000291209540363593,0.0188275186201557
"ENSG00000157227","MMP14",3.77912066859858,0.000292771772418209,0.0188275186201557
"ENSG00000073350","LLGL2",3.77898325913439,0.00029290978868997,0.0188275186201557
"ENSG00000221932","HEPN1",3.77590115559671,0.000296021850503243,0.018942862450497
"ENSG00000074219","TEAD2",3.77460382456615,0.000297341195388444,0.018942862450497
"ENSG00000117266","CDK18",3.7733720823074,0.000298599024303633,0.018942862450497
"ENSG00000115935","WIPF1",3.76993477271933,0.000302136012035684,0.019084270786202
"ENSG00000132554","RGS22",3.76723898097355,0.000304937880906288,0.0191782268116537
"ENSG00000110887","DAO",3.7610881398098,0.000311423746361676,0.0195020767517734
"ENSG00000092529","CAPN3",3.75591908152148,0.000316975798205882,0.0197649310753078
"ENSG00000204580","DDR1",3.75107794232931,0.000322261050783141,0.0200089829445822
"ENSG00000287024","AL022162.1",3.74964945355989,0.00032383655665019,0.0200216067715378
"ENSG00000237943","PRKCQ-AS1",3.73831512165545,0.000336600044057376,0.0206269898484499
"ENSG00000172005","MAL",3.7380473137721,0.000336907336973377,0.0206269898484499
"ENSG00000137710","RDX",3.73721048037329,0.000337869273783808,0.0206269898484499
"ENSG00000226321","CROCC2",3.73511850225294,0.000340285448443325,0.0206360006567504
"ENSG00000129515","SNX6",3.73463564795607,0.000340845463523874,0.0206360006567504
"ENSG00000119139","TJP2",3.73272318612634,0.000343072172045845,0.0206849837285989
"ENSG00000188153","COL4A5",3.72075978238231,0.000357318782665755,0.0214553018842635
"ENSG00000197747","S100A10",3.71434825854121,0.000365183915935305,0.0218195863953101
"ENSG00000159212","CLIC6",3.71338762315405,0.000366376442111642,0.0218195863953101
"ENSG00000165410","CFL2",3.71154387868823,0.000368675642615902,0.0218672613878399
"ENSG00000109089","CDR2L",3.7082474450665,0.000372820642359467,0.0220235870148461
"ENSG00000206053","JPT2",3.70387634929676,0.000378385355232451,0.0221727739686614
"ENSG00000156206","CFAP161",3.70194360125424,0.000380870991461072,0.022229154545634
"ENSG00000186081","KRT5",3.69882523924925,0.000384914177022069,0.0222868363370199
"ENSG00000082996","RNF13",3.69510813109116,0.000389787019725411,0.0224328007252689
"ENSG00000163071","SPATA18",3.69357020521134,0.000391820231965172,0.0224328007252689
"ENSG00000106992","AK1",3.69117440610146,0.000395007700407397,0.0224328007252689
"ENSG00000213186","TRIM59",3.6894597076374,0.000397304127672338,0.022469242352198
"ENSG00000005893","LAMP2",3.68505967927209,0.000403255134325839,0.0226731834852398
"ENSG00000008226","DLEC1",3.68450005193153,0.000404018073206932,0.0226731834852398
"ENSG00000161896","IP6K3",3.68142005021668,0.000408241654393414,0.0227844852730484
"ENSG00000185043","CIB1",3.68078009560822,0.000409124469984146,0.0227844852730484
"ENSG00000141458","NPC1",3.67939173632059,0.000411045951181325,0.022804454272573
"ENSG00000165476","REEP3",3.67767138984584,0.000413438802655866,0.0228342397862121
"ENSG00000124067","SLC12A4",3.67674189700042,0.000414737149513059,0.0228342397862121
"ENSG00000077380","DYNC1I2",3.67564259730975,0.000416277690571751,0.0228342397862121
"ENSG00000265972","TXNIP",3.67237072134555,0.000420895094674578,0.0229993081736141
"ENSG00000166348","USP54",3.67128397860186,0.000422439489447508,0.0229993081736141
"ENSG00000164124","TMEM144",3.66298274518891,0.000434415509862464,0.0235386096781943
"ENSG00000165215","CLDN3",3.66140010658622,0.000436735065916761,0.0235386096781943
"ENSG00000006611","USH1C",3.661094185549,0.000437184786703492,0.0235386096781943
"ENSG00000160781","PAQR6",3.65942376777179,0.000439648163106215,0.0235842145142749
"ENSG00000167996","FTH1",3.65462436994414,0.00044679944877865,0.023880039403404
"ENSG00000035664","DAPK2",3.64994597116597,0.000453876691349863,0.0241697620565177
"ENSG00000113494","PRLR",3.64716115223946,0.000458139837720383,0.0243080668079204
"ENSG00000104472","CHRAC1",3.64389613485779,0.000463186525750325,0.0243983920477365
"ENSG00000118298","CA14",3.64065774590927,0.000468244169348425,0.0245760815646146
"ENSG00000166801","FAM111A",3.63742155871381,0.000473350727522695,0.0246649297060155
"ENSG00000253549","CA3-AS1",3.63516599861829,0.000476941120034928,0.0246649297060155
"ENSG00000133640","LRRIQ1",3.63320756429655,0.000480079503564416,0.0246649297060155
"ENSG00000188706","ZDHHC9",3.63035799519859,0.000484680959565474,0.0246745053101364
"ENSG00000166091","CMTM5",3.63016809858423,0.000484989085918752,0.0246745053101364
"ENSG00000169247","SH3TC2",3.62995251655188,0.00048533911479742,0.0246745053101364
"ENSG00000204282","TNRC6C-AS1",3.62691924273139,0.000490289569370622,0.0248396357871067
"ENSG00000176381","PRR18",3.62535808294578,0.000492856103109726,0.0248659638570839
"ENSG00000066084","DIP2B",3.623755207641,0.00049550447979922,0.0248659638570839
"ENSG00000106538","RARRES2",3.62350335437633,0.000495921834172532,0.0248659638570839
"ENSG00000119655","NPC2",3.61864823808103,0.000504032904660167,0.0251001505525478
"ENSG00000126860","EVI2A",3.61169572488311,0.000515867393001327,0.0253007578680479
"ENSG00000091181","IL5RA",3.61166024588648,0.000515928455519326,0.0253007578680479
"ENSG00000129538","RNASE1",3.61119416336785,0.000516731262057314,0.0253007578680479
"ENSG00000139433","GLTP",3.60977645379517,0.000519180494685322,0.0253356608627208
"ENSG00000135929","CYP27A1",3.60840582739586,0.000521558852958216,0.0253668840783777
"ENSG00000189067","LITAF",3.59916541534049,0.000537864870856,0.0259918241248103
"ENSG00000132561","MATN2",3.59883110099777,0.000538463783248459,0.0259918241248103
"ENSG00000099834","CDHR5",3.59503268281905,0.000545313074486225,0.0260845044440681
"ENSG00000104205","SGK3",3.59461800201424,0.000546065806503266,0.0260845044440681
"ENSG00000260788","AC009063.2",3.59036616499114,0.000553840821289847,0.0262373098163641
"ENSG00000271714","AC010501.2",3.58816339907792,0.000557910008465493,0.0263445467104207
"ENSG00000044115","CTNNA1",3.58545579927525,0.00056295061099231,0.0264247093402912
"ENSG00000197430","OPALIN",3.58480615204918,0.000564166431566742,0.0264247093402912
"ENSG00000164530","PI16",3.58433980861073,0.000565040731558554,0.0264247093402912
"ENSG00000157978","LDLRAP1",3.57916025696114,0.000574838082073378,0.0267116638711231
"ENSG00000183346","CABCOCO1",3.5731750859295,0.00058635976644328,0.0271605566735679
"ENSG00000103089","FA2H",3.56606334929965,0.000600334603998895,0.027583032243351
"ENSG00000164707","SLC13A4",3.56499467582975,0.000602461660623657,0.027583032243351
"ENSG00000186417","GLDN",3.56329288213304,0.000605863602917798,0.027583032243351
"ENSG00000197653","DNAH10",3.56320296285413,0.000606043859697744,0.027583032243351
"ENSG00000108639","SYNGR2",3.55787870618478,0.000616808149577021,0.027863305605196
"ENSG00000123684","LPGAT1",3.54711552040592,0.000639123962066444,0.0287822769460231
"ENSG00000236914","LINC01852",3.54101609922587,0.000652107277046921,0.0290633223229694
"ENSG00000175664","TEX26",3.54068225558679,0.000652825058832272,0.0290633223229694
"ENSG00000115380","EFEMP1",3.54044660425355,0.000653332172019324,0.0290633223229694
"ENSG00000135362","PRR5L",3.53881895158693,0.000656845016354841,0.0291307770019255
"ENSG00000148180","GSN",3.53416455430994,0.000666989170365156,0.0294910272266606
"ENSG00000249307","LINC01088",3.53193035302101,0.000671911054427956,0.0295296813107178
"ENSG00000204711","C9orf135",3.53009489945423,0.000675980201049584,0.0295485425477807
"ENSG00000111319","SCNN1A",3.52991042582915,0.000676390460623588,0.0295485425477807
"ENSG00000211445","GPX3",3.52748536081883,0.000681805627685493,0.029663638652661
"ENSG00000156535","CD109",3.52671766659733,0.000683528417675921,0.029663638652661
"ENSG00000087842","PIR",3.52600822941662,0.000685124133092095,0.029663638652661
"ENSG00000117115","PADI2",3.52116006959046,0.000696123649144789,0.0300507105463657
"ENSG00000004468","CD38",3.51301022745808,0.000714991304678638,0.0307741537656814
"ENSG00000133805","AMPD3",3.50813522222094,0.000726507474207801,0.0311763068495529
"ENSG00000179886","TIGD5",3.50691553692778,0.000729416029038653,0.0311763068495529
"ENSG00000198734","F5",3.50577684243541,0.000732141380457654,0.0311763068495529
"ENSG00000106392","C1GALT1",3.50546832126038,0.000732881450853036,0.0311763068495529
"ENSG00000107902","LHPP",3.50235714263696,0.00074038407184146,0.0314039069541824
"ENSG00000157483","MYO1E",3.49706976049025,0.000753301409761272,0.0318205313273837
"ENSG00000122367","LDB3",3.49351360158805,0.000762108770072511,0.0320459050839424
"ENSG00000123374","CDK2",3.4858298830959,0.000781472021711807,0.0327656846804511
"ENSG00000004799","PDK4",3.48400504190106,0.000786138509214454,0.0328668968136049
"ENSG00000157856","DRC1",3.48156715053256,0.00079241377461783,0.0329017504732083
"ENSG00000251442","LINC01094",3.48133972365148,0.000793001590573674,0.0329017504732083
"ENSG00000164687","FABP5",3.47985665631508,0.000796844893594722,0.0329017504732083
"ENSG00000105643","ARRDC2",3.47845178492547,0.000800501776299702,0.0329017504732083
"ENSG00000235823","OLMALINC",3.47712058139125,0.000803981522351742,0.0329519505411075
"ENSG00000180929","GPR62",3.47376404220611,0.000812818995912584,0.0331503366470957
"ENSG00000167191","GPRC5B",3.47355749233595,0.000813365809037095,0.0331503366470957
"ENSG00000124920","MYRF",3.46897731273153,0.000825580849623889,0.0335544573171648
"ENSG00000268518","AC020909.2",3.46677454297953,0.000831516982910858,0.0337018452712565
"ENSG00000065809","FAM107B",3.45728488256489,0.000857553959568222,0.0346290830646771
"ENSG00000001084","GCLC",3.45671524416107,0.000859141119142835,0.0346290830646771
"ENSG00000187091","PLCD1",3.45349061552468,0.000868178160220238,0.034822954729669
"ENSG00000132688","NES",3.45290162192494,0.000869838477142069,0.034822954729669
"ENSG00000250722","SELENOP",3.44482229753329,0.000892917892697394,0.0353726503922109
"ENSG00000130962","PRRG1",3.44462492841544,0.000893488861756738,0.0353726503922109
"ENSG00000272870","AC097534.2",3.44425538596689,0.000894558837278173,0.0353726503922109
"ENSG00000143772","ITPKB",3.44184153616107,0.000901577703462427,0.035376262491532
"ENSG00000049245","VAMP3",3.44172298181623,0.000901923764433549,0.035376262491532
"ENSG00000146038","DCDC2",3.43932596717147,0.000908947601790458,0.0355561781708433
"ENSG00000141524","TMC6",3.43189591758671,0.000931048692697749,0.0362264839337409
"ENSG00000285051","SLC7A14-AS1",3.42709789700965,0.000945588895808635,0.0365002316897984
"ENSG00000115468","EFHD1",3.42623338699724,0.00094823141517498,0.0365056585193091
"ENSG00000054179","ENTPD2",3.42105289853031,0.000964212873966244,0.0369103646122198
"ENSG00000159176","CSRP1",3.42037185826634,0.000966332621607015,0.0369103646122198
"ENSG00000196975","ANXA4",3.41849646815817,0.000972192524591846,0.0370372353167614
"ENSG00000175305","CCNE2",3.41683098252899,0.000977424616645602,0.037139590055927
"ENSG00000228412","AL022068.1",3.4129310173129,0.000989780296113349,0.0375113877937399
"ENSG00000132470","ITGB4",3.41072486861344,0.000996834734549889,0.0375835028729133
"ENSG00000170275","CRTAP",3.40919926641869,0.00100174071843008,0.0376596618368367
"ENSG00000170271","FAXDC2",3.40849388218419,0.0010040167537886,0.0376596618368367
"ENSG00000128242","GAL3ST1",3.4066678574025,0.00100993136799269,0.0377843810009777
"ENSG00000232352","SEMA3B-AS1",3.40375959130494,0.00101941925111954,0.0378065950672234
"ENSG00000257337","AC068888.1",3.40338189747412,0.00102065757610023,0.0378065950672234
"ENSG00000162444","RBP7",3.40105525972437,0.00102831710551894,0.0379336582944871
"ENSG00000118307","CASC1",3.40007815662793,0.00103154994469177,0.0379336582944871
"ENSG00000004948","CALCR",3.39949203059007,0.00103349378972677,0.0379336582944871
"ENSG00000198121","LPAR1",3.39912289880823,0.00103471975883804,0.0379336582944871
"ENSG00000198168","SVIP",3.39296591273015,0.00105537152372304,0.0384973147566072
"ENSG00000176485","PLAAT3",3.3886224682833,0.00107017311810574,0.038832379759388
"ENSG00000149201","CCDC81",3.38798319186374,0.00107236807433093,0.038832379759388
"ENSG00000175130","MARCKSL1",3.38745289326232,0.00107419207056541,0.038832379759388
"ENSG00000100399","CHADL",3.38715945663202,0.00107520261961433,0.038832379759388
"ENSG00000256771","ZNF253",3.38296618589099,0.00108974170516949,0.0390777734458018
"ENSG00000149218","ENDOD1",3.38220017821626,0.00109241755014832,0.0390777734458018
"ENSG00000244055","AC007566.1",3.3817299914886,0.00109406308483439,0.0390777734458018
"ENSG00000160179","ABCG1",3.38141967653942,0.0010951503864083,0.0390777734458018
"ENSG00000198732","SMOC1",3.38135184118027,0.00109538820775361,0.0390777734458018
"ENSG00000161920","MED11",3.37762006266992,0.00110854645129318,0.0393833397725253
"ENSG00000196169","KIF19",3.37646267743951,0.0011126575169771,0.0393833397725253
"ENSG00000137269","LRRC1",3.37630307522289,0.00111322555301459,0.0393833397725253
"ENSG00000211772","TRBC2",3.37587508692204,0.00111475014228312,0.0393833397725253
"ENSG00000176890","TYMS",3.37280107352414,0.0011257583345801,0.0396761832363725
"ENSG00000006831","ADIPOR2",3.36849822544006,0.00114133892957291,0.0400319142341308
"ENSG00000146592","CREB5",3.36665636361874,0.00114807011638812,0.0400597141190895
"ENSG00000185681","MORN5",3.36520483235105,0.0011534011115502,0.0400597141190895
"ENSG00000187699","C2orf88",3.3648601533582,0.00115467042039702,0.0400597141190895
"ENSG00000001461","NIPAL3",3.36453770113232,0.00115585906683138,0.0400597141190895
"ENSG00000183914","DNAH2",3.3599591349677,0.0011728615881127,0.0405404954842073
"ENSG00000147459","DOCK5",3.35931078539096,0.00117528816323896,0.0405404954842073
"ENSG00000134817","APLNR",3.34954983843088,0.00121239579140707,0.0413319322252816
"ENSG00000021300","PLEKHB1",3.34787436078421,0.00121887508334426,0.0413931701766367
"ENSG00000167123","CERCAM",3.34618337134645,0.00122544735546173,0.0413931701766367
"ENSG00000267432","DNAH17-AS1",3.34615967700643,0.00122553968311336,0.0413931701766367
"ENSG00000129422","MTUS1",3.34484885667187,0.00123065764029423,0.0414585631655038
"ENSG00000240849","TMEM189",3.34421018162651,0.00123315855073872,0.0414585631655038
"ENSG00000160838","LRRC71",3.34342695319897,0.00123623202142212,0.0414663481024601
"ENSG00000163576","EFHB",3.34212887808867,0.00124134166393501,0.0415422390332013
"ENSG00000280670","CCDC163",3.33935240352635,0.00125233746938538,0.0418143158256339
"ENSG00000159228","CBR1",3.33810102448228,0.00125732323182109,0.0418849389851634
"ENSG00000095739","BAMBI",3.33647480708074,0.00126383030316759,0.0420058039943469
"ENSG00000127324","TSPAN8",3.33547639901274,0.00126784095065296,0.0420433347976756
"ENSG00000113396","SLC27A6",3.33320240291558,0.00127702037005683,0.0421561181436632
"ENSG00000130340","SNX9",3.33051688480433,0.00128794138561694,0.0424206608522275
"ENSG00000000003","TSPAN6",3.32729815172359,0.00130114638631876,0.042662981848937
"ENSG00000005513","SOX8",3.32330000390239,0.00131772607993286,0.0430132913474281
"ENSG00000140497","SCAMP2",3.3222942276159,0.00132192800167211,0.0430541327508879
"ENSG00000213593","TMX2",3.31749672540308,0.00134214468617724,0.0434593874869384
"ENSG00000152763","WDR78",3.31722311079636,0.00134330640508596,0.0434593874869384
"ENSG00000177025","C19orf18",3.31437229580912,0.00135546675332957,0.0437557862783888
"ENSG00000187164","SHTN1",3.31077449324527,0.00137096096551442,0.0441582592667128
"ENSG00000196136","SERPINA3",3.30864007681974,0.00138023140740145,0.0443589349458028
"ENSG00000112531","QKI",3.30776354122729,0.0013840554939729,0.0443840740935354
"ENSG00000147475","ERLIN2",3.30567120020131,0.0013932240480916,0.0445801142230363
"ENSG00000221887","HMSD",3.30399596279461,0.00140060592863847,0.0446206137658601
"ENSG00000105855","ITGB8",3.29634474547641,0.001434789820922,0.0456100616058234
"ENSG00000245694","CRNDE",3.29547040685026,0.00143874561919357,0.0456127970029509
"ENSG00000124126","PREX1",3.29448138961449,0.00144323259352526,0.0456127970029509
"ENSG00000138152","BTBD16",3.29377125845432,0.00144646241034822,0.0456127970029509
"ENSG00000150867","PIP4K2A",3.29200956737458,0.00145450422856115,0.0456401531159908
"ENSG00000161055","SCGB3A1",3.29059063847613,0.00146101186877766,0.0456480175103529
"ENSG00000101000","PROCR",3.28835791983922,0.00147130711767218,0.0457442138106373
"ENSG00000255794","RMST",3.28504691641196,0.00148669975930398,0.0459585512457721
"ENSG00000129493","HEATR5A",3.28354964225198,0.00149370996249936,0.0459804262928863
"ENSG00000154175","ABI3BP",3.27915911145197,0.00151444544931859,0.046520575896858
"ENSG00000138303","ASCC1",3.27808634477535,0.00151955275104195,0.0465793995597754
"ENSG00000006016","CRLF1",3.27460820162395,0.00153622299989617,0.0469451515177684
"ENSG00000138835","RGS3",3.27425623761824,0.00153791943153268,0.0469451515177684
"ENSG00000116209","TMEM59",3.27082563915227,0.00155454679677175,0.0473536373939386
"ENSG00000111328","CDK2AP1",3.26608977337442,0.00157777748266847,0.0476632531047942
"ENSG00000151748","SAV1",3.26352848625577,0.00159047642668962,0.0479476064913806
"ENSG00000173281","PPP1R3B",3.26076070589961,0.00160430679336036,0.0482648256122084
"ENSG00000171388","APLN",3.25908555293707,0.0016127320405112,0.0483947541129034
"ENSG00000187527","ATP13A5",3.25858471123186,0.00161525908114481,0.0483947541129034
"ENSG00000008282","SYPL1",3.25726254221482,0.00162194803316692,0.0484955814588905
"ENSG00000135069","PSAT1",3.25586468215377,0.00162904812357978,0.0485570214784777
"ENSG00000145832","SLC25A48",3.25554839497599,0.00163065866112357,0.0485570214784777
"ENSG00000168481","LGI3",3.25165725345437,0.00165059481278334,0.0487465621397406
"ENSG00000101049","SGK2",3.2505930474197,0.00165608686100164,0.0487465621397406
"ENSG00000033170","FUT8",3.24901151214018,0.00166428031100966,0.0487465621397406
"ENSG00000182853","VMO1",3.24817896531603,0.00166860871667538,0.0487465621397406
"ENSG00000147533","GOLGA7",3.24782636672431,0.00167044505009451,0.0487465621397406
"ENSG00000204278","TMEM235",3.24774643201793,0.00167086161307127,0.0487465621397406
"ENSG00000237949","LINC00844",3.2462759463799,0.00167854211533379,0.0487465621397406
"ENSG00000118363","SPCS2",3.24511651837179,0.00168462122426164,0.0487465621397406
"ENSG00000002016","RAD52",3.24479849347272,0.00168629229021444,0.0487465621397406
"ENSG00000118640","VAMP8",3.24456236637783,0.00168753402686421,0.0487465621397406
"ENSG00000091986","CCDC80",3.24406579517509,0.00169014817125564,0.0487465621397406
"ENSG00000118322","ATP10B",3.24389275932219,0.00169105998981841,0.0487465621397406
"ENSG00000114993","RTKN",3.24323726816161,0.00169451830208989,0.0487465621397406
"ENSG00000090097","PCBP4",3.24174528891791,0.00170241455149051,0.0487465621397406
"ENSG00000187676","B3GLCT",3.2405482943601,0.00170877449343601,0.0487465621397406
"ENSG00000135924","DNAJB2",3.24036964284775,0.00170972562041832,0.0487465621397406
"ENSG00000006042","TMEM98",3.24030595405387,0.00171006481449157,0.0487465621397406
"ENSG00000171357","LURAP1",3.23967366233091,0.00171343569528497,0.0487465621397406
"ENSG00000092820","EZR",3.23959344830375,0.00171386377751264,0.0487465621397406
"ENSG00000171812","COL8A2",3.23407240156919,0.00174356997024191,0.0492597449604723
"ENSG00000259120","SMIM6",3.23375029665674,0.00174531785808031,0.0492597449604723
"ENSG00000109099","PMP22",3.23154759743188,0.00175731472484892,0.0494045841045676
"ENSG00000172466","ZNF24",3.23029768730451,0.00176415655573073,0.049501554432052
"ENSG00000149499","EML3",3.22726528391752,0.00178085922623469,0.0498062186903023
"ENSG00000010278","CD9",3.22708781893461,0.00178184128273167,0.0498062186903023
"ENSG00000133835","HSD17B4",3.22523117499905,0.00179214600936052,0.0498323793875202
"ENSG00000166682","TMPRSS5",3.22453485995893,0.00179602504477346,0.0498323793875202
"ENSG00000149932","TMEM219",3.22225500836324,0.00180878067995806,0.0499846948887653
"ENSG00000241685","ARPC1A",-3.22227770919237,0.001808653253533,0.0499846948887653
"ENSG00000178531","CTXN1",-3.2244607566223,0.00179643832210511,0.0498323793875202
"ENSG00000214193","SH3D21",-3.2264420229446,0.00178541926954017,0.0498108079576686
"ENSG00000265666","RARA-AS1",-3.23311192879725,0.00174878677880369,0.0492597449604723
"ENSG00000261416","AC012645.3",-3.23341415757764,0.00174714365007098,0.0492597449604723
"ENSG00000144741","SLC25A26",-3.23825904531289,0.00172099985421748,0.0488542974180686
"ENSG00000122733","PHF24",-3.2418907462308,0.00170164321089635,0.0487465621397406
"ENSG00000119673","ACOT2",-3.25024088409881,0.00165790803549454,0.0487465621397406
"ENSG00000181026","AEN",-3.25126846326427,0.00165259926195996,0.0487465621397406
"ENSG00000168546","GFRA2",-3.25326025168792,0.00164235440681971,0.0487465621397406
"ENSG00000165995","CACNB2",-3.26709491805751,0.0015728199511913,0.047612066198822
"ENSG00000220201","ZGLP1",-3.26804785962542,0.00156813337653119,0.0475688858564794
"ENSG00000156976","EIF4A2",-3.26904185622123,0.00156325883948694,0.047519811931154
"ENSG00000206052","DOK6",-3.28386475879904,0.00149223202380358,0.0459804262928863
"ENSG00000158748","HTR6",-3.28552773546055,0.00148445512807956,0.0459585512457721
"ENSG00000162552","WNT4",-3.28788510363126,0.00147349602433004,0.0457442138106373
"ENSG00000118308","LRMP",-3.28958851921977,0.00146562433692855,0.0456942835472747
"ENSG00000160818","GPATCH4",-3.29071959760788,0.00146041929657058,0.0456480175103529
"ENSG00000129993","CBFA2T3",-3.29275031532696,0.00145111774459668,0.0456320237314876
"ENSG00000198915","RASGEF1A",-3.29356973016584,0.00144738023523859,0.0456127970029509
"ENSG00000149243","KLHL35",-3.3042848508557,0.00139933033900026,0.0446206137658601
"ENSG00000163013","FBXO41",-3.31983390309859,0.0013322598193503,0.0432939933722501
"ENSG00000272501","AL662844.4",-3.32521614722807,0.00130975552716911,0.042848975105212
"ENSG00000256806","C17orf100",-3.32819624381575,0.00129744918682068,0.0426375700110372
"ENSG00000178974","FBXO34",-3.3344574483905,0.00127194644666184,0.0420838335674443
"ENSG00000005108","THSD7A",-3.34670898735564,0.00122340091422362,0.0413931701766367
"ENSG00000113749","HRH2",-3.34991560720262,0.00121098562807238,0.0413319322252816
"ENSG00000126767","ELK1",-3.35308104698503,0.00119884603279838,0.0410618837196272
"ENSG00000082258","CCNT2",-3.35430107786206,0.00119419778472059,0.0409989173573134
"ENSG00000163743","RCHY1",-3.35658020191569,0.00118555981555521,0.0407983567659579
"ENSG00000134343","ANO3",-3.36772774282079,0.00114415017166072,0.0400342809465265
"ENSG00000102096","PIM2",-3.36872277133449,0.00114052085784791,0.0400319142341308
"ENSG00000086506","HBQ1",-3.39491889445538,0.00104877916692098,0.0383527238710377
"ENSG00000247317","LY6E-DT",-3.40331121276986,0.00102088948368762,0.0378065950672234
"ENSG00000180828","BHLHE22",-3.40500410632592,0.00101534893217195,0.0378065950672234
"ENSG00000020181","ADGRA2",-3.41211150680664,0.000992395274579532,0.0375130555735491
"ENSG00000072195","SPEG",-3.42481128002023,0.000952593474193856,0.036577082584112
"ENSG00000160460","SPTBN4",-3.42802862634301,0.000942751727697539,0.0364872425963788
"ENSG00000102466","FGF14",-3.42911674952113,0.000939444948417908,0.0364559607509726
"ENSG00000121753","ADGRB2",-3.43606740194772,0.000918578763341126,0.0358368522350545
"ENSG00000111981","ULBP1",-3.44274309268541,0.000898950148481804,0.035376262491532
"ENSG00000276529","AP001505.1",-3.44512281384058,0.000892049190175043,0.0353726503922109
"ENSG00000198944","SOWAHA",-3.45245096663009,0.000871110854384839,0.034822954729669
"ENSG00000118160","SLC8A2",-3.47873602967761,0.000799760610018887,0.0329017504732083
"ENSG00000063245","EPN1",-3.47914734595194,0.000798689253056335,0.0329017504732083
"ENSG00000111729","CLEC4A",-3.49655587653089,0.000754568147438473,0.0318205313273837
"ENSG00000134508","CABLES1",-3.53291217647196,0.000669743906450887,0.0295233635620088
"ENSG00000153560","UBP1",-3.54462242287547,0.000644400956318732,0.0289306287804512
"ENSG00000090372","STRN4",-3.5589494582869,0.000614628921121626,0.0278510887828747
"ENSG00000255150","EID3",-3.5628146233254,0.000606822928525507,0.027583032243351
"ENSG00000271614","ATP2B1-AS1",-3.56827570373815,0.00059595378385185,0.0275176001904504
"ENSG00000117877","CD3EAP",-3.58050901142491,0.000572271464205205,0.0266773576173104
"ENSG00000149972","CNTN5",-3.59307083574231,0.000548882939004525,0.0260871366873454
"ENSG00000105723","GSK3A",-3.59408220761407,0.000547039843731398,0.0260845044440681
"ENSG00000125912","NCLN",-3.59811315978409,0.000539752087575732,0.0259918241248103
"ENSG00000103316","CRYM",-3.61521473329663,0.000509844811818104,0.0252174428787727
"ENSG00000234608","MAPKAPK5-AS1",-3.61725050182606,0.000506391231171621,0.0251318178708337
"ENSG00000066248","NGEF",-3.61950029175559,0.000502600396095548,0.0251001505525478
"ENSG00000063180","CA11",-3.63364259973205,0.000479380671872394,0.0246649297060155
"ENSG00000175354","PTPN2",-3.63474435088738,0.000477615159246699,0.0246649297060155
"ENSG00000224944","CASC6",-3.63895093335572,0.000470930888594724,0.0246285039264718
"ENSG00000113805","CNTN3",-3.64521587963877,0.000461140292236546,0.0243786159566067
"ENSG00000186260","MRTFB",-3.6910885965657,0.000395122321046816,0.0224328007252689
"ENSG00000197921","HES5",-3.69308202071578,0.000392467741590793,0.0224328007252689
"ENSG00000215790","SLC35E2A",-3.699464582605,0.000384081908739962,0.0222868363370199
"ENSG00000107954","NEURL1",-3.70525585927219,0.000376620664317798,0.0221583552946008
"ENSG00000171150","SOCS5",-3.78288253167244,0.000289017289905811,0.0188261217723915
"ENSG00000221946","FXYD7",-3.83595552141807,0.000240704611601193,0.0168386536256907
"ENSG00000174791","RIN1",-3.93561000161103,0.000170035748589157,0.0139381550992381
"ENSG00000152214","RIT2",-3.94313826675092,0.000165593843125024,0.0136742318086637
"ENSG00000060709","RIMBP2",-3.94629684359467,0.000163763463079263,0.0136541296559402
"ENSG00000270111","CELF2-DT",-3.98508577632238,0.000142807690904808,0.0125524519156148
"ENSG00000133816","MICAL2",-4.03224224860029,0.000120781495426971,0.0114120187469787
"ENSG00000125869","LAMP5",-4.24048643363544,5.6869222347095e-05,0.00731481112459957
"ENSG00000196872","KIAA1211L",-4.27562636562976,4.99759727100304e-05,0.00656936412443292
"ENSG00000136842","TMOD1",-4.32992791202648,4.08827254631933e-05,0.0058115905930695
"ENSG00000167535","CACNB3",-4.47423019743937,2.38143911542672e-05,0.00428982446088781
"ENSG00000162757","C1orf74",-4.51108970984013,2.07121775503301e-05,0.00402948510182488
"ENSG00000185774","KCNIP4",-4.51724504357473,2.02338158077296e-05,0.00402873475867377
"ENSG00000137727","ARHGAP20",-4.75516909447996,8.09705332194016e-06,0.00273276730095286
"ENSG00000165914","TTC7B",-4.8831952344636,4.89820153496437e-06,0.00193161239450446
