gene,p_val,avg_log2FC,pct.1,pct.2,p_val_adj,cluster
FNDC1,4.13E-170,0.84076577,0.328,0.018,6.79E-166,Synapse_ExCA1
FIBCD1,2.99E-151,0.51414739,0.314,0.031,4.93E-147,Synapse_ExCA1
MET,2.92E-140,0.63349072,0.26,0.012,4.81E-136,Synapse_ExCA1
PRKCG,1.77E-127,1.19999995,0.659,0.226,2.91E-123,Synapse_ExCA1
SCN3B,2.26E-100,0.87829174,0.771,0.367,3.72E-96,Synapse_ExCA1
CTXND1,8.94E-95,0.64711421,0.506,0.168,1.47E-90,Synapse_ExCA1
GRIN2B,4.54E-93,0.87987769,0.794,0.406,7.47E-89,Synapse_ExCA1
SYP,1.06E-92,1.0064422,0.545,0.186,1.75E-88,Synapse_ExCA1
LMO4,1.02E-90,0.61970092,0.453,0.13,1.69E-86,Synapse_ExCA1
WIPF3,1.69E-90,0.65979981,0.551,0.201,2.79E-86,Synapse_ExCA1
ITPR1,1.15E-86,0.48502585,0.357,0.085,1.89E-82,Synapse_ExCA1
GRIN1,2.07E-86,0.98294397,0.561,0.208,3.41E-82,Synapse_ExCA1
SYT1,4.58E-86,0.873355,0.719,0.343,7.54E-82,Synapse_ExCA1
CLSTN1,8.58E-85,0.98712919,0.622,0.26,1.41E-80,Synapse_ExCA1
NEFM,1.22E-81,0.79311807,0.507,0.175,2.01E-77,Synapse_ExCA1
SV2B,2.98E-80,0.67735433,0.454,0.143,4.91E-76,Synapse_ExCA1
FARP1,7.05E-80,0.45491019,0.35,0.091,1.16E-75,Synapse_ExCA1
PRKCB,1.01E-77,0.58210571,0.57,0.235,1.66E-73,Synapse_ExCA1
ENC1,1.36E-77,0.7223944,0.696,0.34,2.25E-73,Synapse_ExCA1
SEZ6L,1.58E-77,0.77424384,0.581,0.238,2.59E-73,Synapse_ExCA1
CHN1,1.39E-76,0.68557805,0.664,0.312,2.28E-72,Synapse_ExCA1
TMEM130,3.26E-76,0.72590557,0.589,0.248,5.37E-72,Synapse_ExCA1
ATP2A2,6.93E-76,0.72799594,0.609,0.264,1.14E-71,Synapse_ExCA1
RTN1,9.61E-76,0.77453176,0.581,0.241,1.58E-71,Synapse_ExCA1
ATP2B1,4.36E-75,0.79436871,0.553,0.22,7.17E-71,Synapse_ExCA1
PLPPR4,1.36E-74,0.81471719,0.487,0.173,2.24E-70,Synapse_ExCA1
TUBB4A,1.03E-73,0.79429256,0.714,0.369,1.70E-69,Synapse_ExCA1
PRKCA,1.54E-73,0.69696438,0.671,0.324,2.53E-69,Synapse_ExCA1
HSP90AA1,3.21E-72,0.72286839,0.614,0.276,5.29E-68,Synapse_ExCA1
WASF1,2.23E-71,0.68600233,0.546,0.222,3.66E-67,Synapse_ExCA1
ATP2B4,4.66E-69,0.49812597,0.417,0.148,7.67E-65,Synapse_ExCA1
CKB,1.04E-68,0.44589667,0.409,0.136,1.72E-64,Synapse_ExCA1
VXN,1.55E-68,0.56672041,0.402,0.129,2.56E-64,Synapse_ExCA1
THY1,2.91E-68,0.7924794,0.583,0.258,4.79E-64,Synapse_ExCA1
CADM3,3.93E-68,0.8094032,0.517,0.205,6.47E-64,Synapse_ExCA1
LINGO1,3.98E-68,0.5989774,0.458,0.166,6.55E-64,Synapse_ExCA1
PPP3CA,6.65E-68,0.68085757,0.67,0.336,1.10E-63,Synapse_ExCA1
ATP1A3,1.03E-67,0.77751701,0.695,0.361,1.69E-63,Synapse_ExCA1
PTPRN2,3.40E-67,0.39523667,0.465,0.181,5.60E-63,Synapse_ExCA1
AK5,1.36E-66,0.67125396,0.522,0.212,2.23E-62,Synapse_ExCA1
SORT1,2.38E-66,0.72478636,0.643,0.314,3.92E-62,Synapse_ExCA1
NDRG4,4.81E-65,0.47129893,0.634,0.321,7.92E-61,Synapse_ExCA1
ATP1B1,1.15E-64,0.52292173,0.593,0.285,1.89E-60,Synapse_ExCA1
CELSR2,2.35E-64,0.52094017,0.635,0.321,3.86E-60,Synapse_ExCA1
RASGRF1,4.74E-64,0.57356164,0.362,0.108,7.81E-60,Synapse_ExCA1
PARM1,4.75E-64,0.57635217,0.284,0.064,7.82E-60,Synapse_ExCA1
SCN8A,5.13E-64,0.61724566,0.43,0.153,8.45E-60,Synapse_ExCA1
SLC8A1,7.24E-64,0.58965924,0.55,0.243,1.19E-59,Synapse_ExCA1
YWHAG,1.87E-63,0.53814995,0.634,0.32,3.07E-59,Synapse_ExCA1
DOCK4,2.21E-63,0.55425534,0.418,0.145,3.63E-59,Synapse_ExCA1
SYNGR1,5.62E-63,0.49229382,0.459,0.179,9.25E-59,Synapse_ExCA1
CACNG8,5.94E-63,0.58741428,0.547,0.247,9.78E-59,Synapse_ExCA1
HSP90AB1,3.11E-62,0.54131865,0.625,0.314,5.12E-58,Synapse_ExCA1
SPHKAP,1.41E-61,0.36851796,0.485,0.209,2.32E-57,Synapse_ExCA1
ST8SIA3,1.50E-61,0.62052203,0.47,0.184,2.47E-57,Synapse_ExCA1
PEX5L,1.37E-60,0.35218583,0.365,0.128,2.25E-56,Synapse_ExCA1
NECTIN1,1.62E-60,0.44207399,0.39,0.14,2.67E-56,Synapse_ExCA1
CYP46A1,3.40E-60,0.49030748,0.282,0.068,5.60E-56,Synapse_ExCA1
KIAA1549L,5.93E-60,0.5859082,0.411,0.146,9.76E-56,Synapse_ExCA1
RAB3A,8.40E-60,0.59248277,0.437,0.164,1.38E-55,Synapse_ExCA1
KIT,9.57E-60,0.42993364,0.296,0.085,1.58E-55,Synapse_ExCA1
ADCY2,6.41E-59,0.42097772,0.253,0.058,1.06E-54,Synapse_ExCA1
HSPH1,1.53E-58,0.50546633,0.378,0.127,2.52E-54,Synapse_ExCA1
NSF,2.88E-58,0.54294902,0.515,0.229,4.74E-54,Synapse_ExCA1
SH3RF1,4.88E-58,0.29769398,0.298,0.091,8.03E-54,Synapse_ExCA1
CACNA1E,6.71E-58,0.45823772,0.497,0.219,1.10E-53,Synapse_ExCA1
AP2B1,7.09E-58,0.61109036,0.526,0.235,1.17E-53,Synapse_ExCA1
NELL2,8.62E-58,0.55973353,0.466,0.191,1.42E-53,Synapse_ExCA1
GRIN2A,8.89E-58,0.50415972,0.453,0.182,1.46E-53,Synapse_ExCA1
PACS1,1.17E-57,0.33479667,0.322,0.1,1.92E-53,Synapse_ExCA1
DYNC1H1,2.97E-57,0.54696188,0.583,0.287,4.89E-53,Synapse_ExCA1
SYT5,5.56E-57,0.51341433,0.301,0.081,9.15E-53,Synapse_ExCA1
CPE,6.50E-57,0.5268288,0.458,0.188,1.07E-52,Synapse_ExCA1
DCLK1,6.73E-57,0.39891813,0.442,0.182,1.11E-52,Synapse_ExCA1
DNM1,4.15E-56,0.60206022,0.518,0.233,6.84E-52,Synapse_ExCA1
CAMK2B,5.02E-56,0.49064663,0.505,0.229,8.26E-52,Synapse_ExCA1
RTN3,1.98E-55,0.41588747,0.615,0.339,3.25E-51,Synapse_ExCA1
GABRA1,3.24E-55,0.38409131,0.328,0.104,5.33E-51,Synapse_ExCA1
SYT11,3.79E-55,0.59213065,0.547,0.26,6.23E-51,Synapse_ExCA1
FAIM2,7.54E-55,0.41379106,0.602,0.318,1.24E-50,Synapse_ExCA1
ATP1A1,2.26E-54,0.4142157,0.515,0.257,3.72E-50,Synapse_ExCA1
CLIP3,3.42E-54,0.31679419,0.578,0.308,5.64E-50,Synapse_ExCA1
STXBP1,3.56E-54,0.53579031,0.694,0.397,5.86E-50,Synapse_ExCA1
EPHA5,5.63E-54,0.4581797,0.349,0.12,9.27E-50,Synapse_ExCA1
PLD3,6.04E-54,0.58409261,0.481,0.208,9.95E-50,Synapse_ExCA1
SNAP25,1.02E-53,0.29180166,0.77,0.497,1.68E-49,Synapse_ExCA1
PSAP,1.41E-53,0.6278028,0.517,0.238,2.31E-49,Synapse_ExCA1
PLCB1,1.45E-53,0.45845622,0.418,0.168,2.39E-49,Synapse_ExCA1
BAIAP2,1.85E-53,0.37861161,0.318,0.101,3.05E-49,Synapse_ExCA1
PCDH19,2.13E-53,0.39987725,0.386,0.146,3.50E-49,Synapse_ExCA1
APP,2.67E-53,0.6991051,0.577,0.287,4.39E-49,Synapse_ExCA1
GDA,4.02E-53,0.44047781,0.31,0.095,6.61E-49,Synapse_ExCA1
ATP2B2,4.95E-53,0.40211056,0.465,0.204,8.14E-49,Synapse_ExCA1
NPTN,5.53E-53,0.5891855,0.361,0.123,9.10E-49,Synapse_ExCA1
PHYHIP,6.06E-53,0.37237115,0.494,0.232,9.98E-49,Synapse_ExCA1
CX3CL1,7.62E-53,0.50990988,0.346,0.114,1.25E-48,Synapse_ExCA1
GABRB2,8.91E-53,0.38864945,0.387,0.151,1.47E-48,Synapse_ExCA1
GDI1,1.28E-52,0.48319317,0.569,0.289,2.10E-48,Synapse_ExCA1
MBOAT7,1.46E-52,0.47223554,0.328,0.105,2.40E-48,Synapse_ExCA1
PCDH7,2.47E-52,0.37079436,0.273,0.076,4.07E-48,Synapse_ExCA1
KIF3C,4.34E-52,0.28218808,0.491,0.238,7.14E-48,Synapse_ExCA1
PI4KA,5.98E-52,0.52522807,0.477,0.209,9.85E-48,Synapse_ExCA1
SYN1,6.25E-52,0.30690569,0.527,0.276,1.03E-47,Synapse_ExCA1
ADD2,7.67E-52,0.34516965,0.483,0.228,1.26E-47,Synapse_ExCA1
ATP9A,7.86E-52,0.3164571,0.525,0.264,1.29E-47,Synapse_ExCA1
ARF1,9.64E-52,0.57917853,0.398,0.151,1.59E-47,Synapse_ExCA1
CHL1,1.00E-51,0.38123194,0.407,0.167,1.65E-47,Synapse_ExCA1
EPHA4,1.02E-51,0.51879869,0.354,0.123,1.68E-47,Synapse_ExCA1
SLC12A5,1.59E-51,0.46418861,0.374,0.137,2.62E-47,Synapse_ExCA1
SIRPA,2.58E-51,0.45201675,0.402,0.157,4.25E-47,Synapse_ExCA1
CLSTN3,3.63E-51,0.49649191,0.387,0.148,5.97E-47,Synapse_ExCA1
PTPRN,1.06E-50,0.4645742,0.418,0.171,1.75E-46,Synapse_ExCA1
FRY,1.46E-50,0.44822998,0.293,0.087,2.40E-46,Synapse_ExCA1
DKK3,1.55E-50,0.49502985,0.478,0.217,2.55E-46,Synapse_ExCA1
SYNE1,3.63E-50,0.41904496,0.453,0.201,5.98E-46,Synapse_ExCA1
DLG3,6.35E-50,0.37367061,0.293,0.088,1.05E-45,Synapse_ExCA1
NMNAT2,7.94E-50,0.34542434,0.454,0.208,1.31E-45,Synapse_ExCA1
SCN2A,8.79E-50,0.57988212,0.451,0.194,1.45E-45,Synapse_ExCA1
APLP2,1.08E-49,0.41731485,0.421,0.18,1.78E-45,Synapse_ExCA1
DGKH,1.36E-49,0.37899791,0.284,0.09,2.24E-45,Synapse_ExCA1
ADGRB2,1.38E-49,0.29800948,0.386,0.157,2.27E-45,Synapse_ExCA1
MAPK10,2.32E-49,0.38411578,0.387,0.154,3.83E-45,Synapse_ExCA1
ASTN1,2.60E-49,0.38103292,0.406,0.169,4.28E-45,Synapse_ExCA1
GABBR2,3.42E-49,0.5347426,0.433,0.184,5.63E-45,Synapse_ExCA1
GRIA3,5.00E-49,0.33652973,0.329,0.115,8.23E-45,Synapse_ExCA1
ABR,5.05E-49,0.29608733,0.547,0.293,8.31E-45,Synapse_ExCA1
GRIA2,5.95E-49,0.466255,0.49,0.231,9.79E-45,Synapse_ExCA1
RHBDD2,7.02E-49,0.51982768,0.391,0.152,1.16E-44,Synapse_ExCA1
HSPA12A,8.12E-49,0.43388509,0.35,0.127,1.34E-44,Synapse_ExCA1
SYNJ1,8.64E-49,0.45427086,0.419,0.176,1.42E-44,Synapse_ExCA1
SLC7A1,9.06E-49,0.33599965,0.26,0.074,1.49E-44,Synapse_ExCA1
SCAMP5,1.39E-48,0.33822025,0.466,0.223,2.29E-44,Synapse_ExCA1
APBA2,2.05E-48,0.33648466,0.284,0.087,3.37E-44,Synapse_ExCA1
GABRB3,2.20E-48,0.37175603,0.451,0.206,3.62E-44,Synapse_ExCA1
SLC24A2,2.78E-48,0.27814351,0.438,0.213,4.58E-44,Synapse_ExCA1
YWHAB,7.37E-48,0.39125292,0.553,0.288,1.21E-43,Synapse_ExCA1
SLC24A3,1.02E-47,0.42677893,0.35,0.13,1.67E-43,Synapse_ExCA1
ALDOA,1.70E-47,0.40825195,0.491,0.241,2.81E-43,Synapse_ExCA1
VSNL1,1.77E-47,0.40265094,0.364,0.14,2.91E-43,Synapse_ExCA1
ECPAS,1.86E-47,0.27905107,0.314,0.112,3.06E-43,Synapse_ExCA1
WASL,1.99E-47,0.44435599,0.346,0.128,3.28E-43,Synapse_ExCA1
SV2A,2.06E-47,0.39812898,0.41,0.178,3.40E-43,Synapse_ExCA1
DPP6,2.60E-47,0.41787217,0.423,0.185,4.28E-43,Synapse_ExCA1
CAP2,3.47E-47,0.54590507,0.411,0.169,5.71E-43,Synapse_ExCA1
CACNG3,3.67E-47,0.30507981,0.269,0.083,6.05E-43,Synapse_ExCA1
MYH10,3.79E-47,0.41949709,0.288,0.089,6.24E-43,Synapse_ExCA1
ATCAY,5.41E-47,0.33716664,0.375,0.151,8.91E-43,Synapse_ExCA1
CNKSR2,6.58E-47,0.32479764,0.409,0.177,1.08E-42,Synapse_ExCA1
SARAF,9.34E-47,0.34647971,0.368,0.148,1.54E-42,Synapse_ExCA1
SULT4A1,1.17E-46,0.2911768,0.27,0.084,1.92E-42,Synapse_ExCA1
PLPPR2,1.50E-46,0.38138935,0.415,0.179,2.48E-42,Synapse_ExCA1
ZBTB18,1.78E-46,0.39959258,0.451,0.209,2.93E-42,Synapse_ExCA1
PGM2L1,3.14E-46,0.41731034,0.421,0.182,5.17E-42,Synapse_ExCA1
DIRAS2,3.96E-46,0.43416708,0.324,0.113,6.53E-42,Synapse_ExCA1
PNMA2,5.75E-46,0.27409754,0.451,0.222,9.47E-42,Synapse_ExCA1
PTK2B,6.32E-46,0.40563674,0.451,0.211,1.04E-41,Synapse_ExCA1
SMPD3,1.20E-45,0.44131233,0.268,0.079,1.97E-41,Synapse_ExCA1
ACTR2,1.60E-45,0.40325423,0.322,0.115,2.63E-41,Synapse_ExCA1
ACTB,2.22E-45,0.46883559,0.795,0.53,3.66E-41,Synapse_ExCA1
NLGN2,2.31E-45,0.45766352,0.352,0.132,3.80E-41,Synapse_ExCA1
PRKAR1A,2.43E-45,0.3020437,0.33,0.125,4.00E-41,Synapse_ExCA1
HSPA8,2.55E-45,0.50663617,0.481,0.229,4.19E-41,Synapse_ExCA1
FAM171B,5.69E-45,0.35194147,0.414,0.186,9.37E-41,Synapse_ExCA1
ITM2C,7.17E-45,0.4700778,0.366,0.146,1.18E-40,Synapse_ExCA1
TSC22D1,9.82E-45,0.37928014,0.375,0.153,1.62E-40,Synapse_ExCA1
GRIA1,1.01E-44,0.46194403,0.502,0.25,1.67E-40,Synapse_ExCA1
CALM3,1.18E-44,0.52993157,0.836,0.588,1.94E-40,Synapse_ExCA1
PJA2,1.74E-44,0.33064421,0.45,0.219,2.87E-40,Synapse_ExCA1
PRICKLE2,1.75E-44,0.35369742,0.369,0.155,2.88E-40,Synapse_ExCA1
CACNB1,1.98E-44,0.31662827,0.302,0.106,3.25E-40,Synapse_ExCA1
TUBA1A,3.46E-44,0.28462644,0.431,0.206,5.70E-40,Synapse_ExCA1
CDK5R2,4.26E-44,0.38008458,0.336,0.127,7.01E-40,Synapse_ExCA1
HIVEP2,5.17E-44,0.34228376,0.366,0.152,8.52E-40,Synapse_ExCA1
SEZ6L2,5.65E-44,0.49367673,0.368,0.147,9.30E-40,Synapse_ExCA1
NPTXR,5.79E-44,0.27533519,0.742,0.498,9.53E-40,Synapse_ExCA1
MAP2K1,1.05E-43,0.38492958,0.269,0.083,1.72E-39,Synapse_ExCA1
PAFAH1B1,2.04E-43,0.2680136,0.385,0.172,3.36E-39,Synapse_ExCA1
SLC4A10,2.45E-43,0.302268,0.317,0.118,4.03E-39,Synapse_ExCA1
TMEM59L,2.69E-43,0.50170928,0.379,0.156,4.43E-39,Synapse_ExCA1
YWHAZ,3.76E-43,0.40643487,0.575,0.32,6.19E-39,Synapse_ExCA1
PRNP,4.17E-43,0.42010552,0.383,0.16,6.87E-39,Synapse_ExCA1
AAK1,4.69E-43,0.3105022,0.383,0.167,7.72E-39,Synapse_ExCA1
MINK1,4.72E-43,0.32329229,0.446,0.213,7.76E-39,Synapse_ExCA1
STMN2,6.92E-43,0.30927009,0.441,0.219,1.14E-38,Synapse_ExCA1
GNAO1,7.34E-43,0.31312191,0.534,0.292,1.21E-38,Synapse_ExCA1
KIAA1671,7.64E-43,0.3251149,0.294,0.106,1.26E-38,Synapse_ExCA1
TSPYL2,8.90E-43,0.41567924,0.29,0.097,1.46E-38,Synapse_ExCA1
STXBP5L,9.62E-43,0.25148166,0.336,0.139,1.58E-38,Synapse_ExCA1
LMBRD2,1.00E-42,0.36075706,0.269,0.085,1.65E-38,Synapse_ExCA1
LY6E,1.27E-42,0.38801121,0.298,0.103,2.10E-38,Synapse_ExCA1
CMIP,1.87E-42,0.37639794,0.403,0.18,3.08E-38,Synapse_ExCA1
CREG2,2.12E-42,0.25874593,0.489,0.269,3.48E-38,Synapse_ExCA1
CPNE6,2.16E-42,0.43676547,0.296,0.101,3.56E-38,Synapse_ExCA1
PCDH1,2.71E-42,0.40170468,0.345,0.137,4.46E-38,Synapse_ExCA1
RAPGEF5,3.28E-42,0.37583645,0.328,0.125,5.41E-38,Synapse_ExCA1
CACNA2D1,1.03E-41,0.3315801,0.297,0.107,1.69E-37,Synapse_ExCA1
PREPL,1.27E-41,0.27981519,0.466,0.244,2.10E-37,Synapse_ExCA1
RAC1,1.31E-41,0.34951507,0.336,0.133,2.16E-37,Synapse_ExCA1
MAPK8IP3,1.45E-41,0.55766283,0.382,0.161,2.39E-37,Synapse_ExCA1
NEDD4L,1.56E-41,0.360698,0.361,0.154,2.57E-37,Synapse_ExCA1
APLP1,2.03E-41,0.46447221,0.489,0.246,3.34E-37,Synapse_ExCA1
MADD,2.33E-41,0.3724436,0.352,0.144,3.83E-37,Synapse_ExCA1
ADGRL1,2.39E-41,0.25683773,0.385,0.175,3.93E-37,Synapse_ExCA1
TENM2,4.55E-41,0.4341019,0.306,0.111,7.50E-37,Synapse_ExCA1
PPP3CB,7.72E-41,0.26184928,0.292,0.108,1.27E-36,Synapse_ExCA1
MAPK1,1.17E-40,0.27670923,0.461,0.236,1.93E-36,Synapse_ExCA1
UCHL1,1.26E-40,0.36811107,0.449,0.223,2.07E-36,Synapse_ExCA1
TSPYL4,1.48E-40,0.28266155,0.394,0.184,2.43E-36,Synapse_ExCA1
ATP6V0A1,3.62E-40,0.25322545,0.381,0.18,5.95E-36,Synapse_ExCA1
PDE2A,7.16E-40,0.29910261,0.262,0.09,1.18E-35,Synapse_ExCA1
SLC8A2,9.03E-40,0.2966583,0.372,0.167,1.49E-35,Synapse_ExCA1
SLC22A17,9.16E-40,0.44034972,0.403,0.183,1.51E-35,Synapse_ExCA1
MTCH1,1.65E-39,0.38058741,0.318,0.123,2.72E-35,Synapse_ExCA1
PRKAR1B,1.65E-39,0.3501176,0.364,0.159,2.72E-35,Synapse_ExCA1
PTPRS,1.70E-39,0.34008578,0.394,0.182,2.79E-35,Synapse_ExCA1
NCKAP1,1.78E-39,0.31072027,0.406,0.194,2.93E-35,Synapse_ExCA1
CRMP1,2.40E-39,0.38877111,0.321,0.126,3.94E-35,Synapse_ExCA1
DHCR24,6.37E-39,0.50828202,0.342,0.138,1.05E-34,Synapse_ExCA1
SORL1,7.64E-39,0.31383085,0.395,0.19,1.26E-34,Synapse_ExCA1
TGOLN2,9.31E-39,0.2769395,0.348,0.152,1.53E-34,Synapse_ExCA1
CNTN1,1.33E-38,0.26187879,0.425,0.221,2.19E-34,Synapse_ExCA1
CAMKV,1.69E-38,0.32145801,0.345,0.147,2.78E-34,Synapse_ExCA1
TSPAN7,2.74E-38,0.29639853,0.395,0.188,4.51E-34,Synapse_ExCA1
L1CAM,3.26E-38,0.36348792,0.277,0.098,5.37E-34,Synapse_ExCA1
SNN,4.14E-38,0.29453525,0.286,0.11,6.81E-34,Synapse_ExCA1
BCL11B,4.36E-38,0.26206565,0.266,0.098,7.18E-34,Synapse_ExCA1
ATRN,6.84E-38,0.37997977,0.298,0.111,1.13E-33,Synapse_ExCA1
PKM,1.07E-37,0.32516065,0.427,0.215,1.77E-33,Synapse_ExCA1
SERINC3,1.08E-37,0.26161857,0.321,0.132,1.77E-33,Synapse_ExCA1
TANC2,1.16E-37,0.29879362,0.345,0.153,1.91E-33,Synapse_ExCA1
RYR2,1.29E-37,0.25929879,0.366,0.173,2.13E-33,Synapse_ExCA1
CORO2B,1.76E-37,0.2789349,0.265,0.095,2.90E-33,Synapse_ExCA1
KCNB1,2.23E-37,0.37459383,0.346,0.149,3.68E-33,Synapse_ExCA1
TCF4,2.99E-37,0.27548174,0.381,0.18,4.93E-33,Synapse_ExCA1
MEGF9,1.32E-36,0.30879132,0.272,0.099,2.18E-32,Synapse_ExCA1
MAPK8IP2,3.75E-36,0.31127902,0.29,0.113,6.17E-32,Synapse_ExCA1
SUSD4,1.64E-35,0.27723509,0.317,0.139,2.70E-31,Synapse_ExCA1
SLIT3,1.91E-35,0.32388648,0.266,0.098,3.15E-31,Synapse_ExCA1
DCTN1,3.20E-35,0.33394377,0.289,0.113,5.27E-31,Synapse_ExCA1
PDE3A,6.84E-35,0.37480021,0.317,0.134,1.13E-30,Synapse_ExCA1
GRINA,8.48E-35,0.35890202,0.316,0.131,1.40E-30,Synapse_ExCA1
SLC17A7,1.07E-34,0.29277859,0.768,0.542,1.77E-30,Synapse_ExCA1
KIF21A,2.30E-34,0.25763932,0.253,0.095,3.78E-30,Synapse_ExCA1
STMN3,2.66E-34,0.30947466,0.32,0.137,4.38E-30,Synapse_ExCA1
RAB15,5.36E-34,0.34738569,0.257,0.094,8.83E-30,Synapse_ExCA1
CDK5R1,6.16E-34,0.25449474,0.332,0.148,1.01E-29,Synapse_ExCA1
NAPB,1.09E-33,0.26223357,0.378,0.189,1.79E-29,Synapse_ExCA1
PTPRA,2.35E-33,0.28685979,0.261,0.099,3.88E-29,Synapse_ExCA1
CADPS,3.11E-33,0.29941662,0.325,0.146,5.13E-29,Synapse_ExCA1
NFE2L1,3.90E-33,0.25520242,0.317,0.142,6.43E-29,Synapse_ExCA1
POLR2A,5.96E-33,0.37668862,0.344,0.154,9.81E-29,Synapse_ExCA1
ATP8A1,7.54E-33,0.33491724,0.362,0.174,1.24E-28,Synapse_ExCA1
SPRYD3,7.95E-33,0.31436796,0.317,0.14,1.31E-28,Synapse_ExCA1
MTPN,8.25E-33,0.25536273,0.289,0.124,1.36E-28,Synapse_ExCA1
BSG,1.15E-30,0.32567965,0.296,0.126,1.90E-26,Synapse_ExCA1
C8orf34-AS1,1.89E-30,0.27552114,0.268,0.111,3.10E-26,Synapse_ExCA1
MICAL2,1.96E-30,0.29725534,0.278,0.115,3.22E-26,Synapse_ExCA1
KIF3A,2.17E-30,0.27723873,0.284,0.12,3.57E-26,Synapse_ExCA1
PPM1E,2.34E-30,0.26089515,0.3,0.137,3.85E-26,Synapse_ExCA1
MAGED1,3.37E-30,0.29965617,0.277,0.117,5.55E-26,Synapse_ExCA1
GALNT17,8.44E-30,0.27257316,0.286,0.124,1.39E-25,Synapse_ExCA1
C11orf87,1.74E-29,0.25233929,0.269,0.12,2.86E-25,Synapse_ExCA1
NDFIP1,5.23E-29,0.27671503,0.306,0.141,8.61E-25,Synapse_ExCA1
ENO2,9.65E-28,0.27098943,0.284,0.125,1.59E-23,Synapse_ExCA1
KIT,4.07E-192,1.13591685,0.635,0.07,6.70E-188,Synapse_ExCA3
TSPAN18,6.13E-175,0.87047966,0.442,0.02,1.01E-170,Synapse_ExCA3
HHIP,1.87E-168,0.9739467,0.504,0.047,3.07E-164,Synapse_ExCA3
SPOCK1,3.26E-165,1.51724449,0.843,0.224,5.37E-161,Synapse_ExCA3
NRIP3,6.06E-162,0.88262336,0.62,0.093,9.98E-158,Synapse_ExCA3
FGFR1,4.37E-157,0.92507032,0.461,0.032,7.20E-153,Synapse_ExCA3
TRHDE,8.08E-148,0.54020787,0.386,0.024,1.33E-143,Synapse_ExCA3
B3GAT2,1.35E-142,0.63605596,0.416,0.036,2.22E-138,Synapse_ExCA3
ATP1A3,2.25E-142,1.52649235,0.893,0.361,3.70E-138,Synapse_ExCA3
SV2B,1.53E-136,0.88759216,0.667,0.142,2.52E-132,Synapse_ExCA3
DHCR24,1.71E-134,1.03932844,0.644,0.125,2.82E-130,Synapse_ExCA3
CHGB,1.50E-133,1.2843796,0.706,0.165,2.47E-129,Synapse_ExCA3
OGFRL1,2.15E-128,0.56779121,0.567,0.11,3.54E-124,Synapse_ExCA3
CPNE4,2.36E-127,0.69698219,0.47,0.056,3.88E-123,Synapse_ExCA3
SCN3B,3.99E-126,1.2774194,0.901,0.375,6.57E-122,Synapse_ExCA3
LYNX1,5.72E-126,0.87929584,0.682,0.164,9.42E-122,Synapse_ExCA3
KCNQ5,4.51E-123,0.69109174,0.498,0.074,7.42E-119,Synapse_ExCA3
OPCML,4.77E-123,0.79792546,0.667,0.165,7.85E-119,Synapse_ExCA3
NEFH,1.15E-122,0.67713504,0.448,0.053,1.89E-118,Synapse_ExCA3
ATP6V0E2,3.39E-122,0.66045583,0.657,0.16,5.58E-118,Synapse_ExCA3
ITM2B,7.68E-121,0.87152401,0.674,0.165,1.26E-116,Synapse_ExCA3
PRKCA,2.01E-120,0.68652885,0.856,0.326,3.31E-116,Synapse_ExCA3
AAK1,2.08E-120,0.59587705,0.637,0.158,3.43E-116,Synapse_ExCA3
SHISA6,6.77E-119,0.70213849,0.702,0.197,1.11E-114,Synapse_ExCA3
LINGO1,7.51E-119,0.69753982,0.652,0.165,1.24E-114,Synapse_ExCA3
EPHA4,1.13E-117,0.86182039,0.586,0.117,1.86E-113,Synapse_ExCA3
SLC24A3,3.22E-117,0.77573571,0.592,0.123,5.30E-113,Synapse_ExCA3
CLSTN2,1.26E-115,1.17295609,0.848,0.317,2.07E-111,Synapse_ExCA3
CLSTN3,6.36E-114,0.96684144,0.624,0.142,1.05E-109,Synapse_ExCA3
SLC6A17,6.60E-114,0.74638693,0.599,0.134,1.09E-109,Synapse_ExCA3
CPNE6,5.72E-113,0.76043481,0.528,0.093,9.42E-109,Synapse_ExCA3
KCNA1,2.33E-112,0.81620685,0.481,0.071,3.83E-108,Synapse_ExCA3
CACNG8,1.02E-111,0.83057986,0.758,0.245,1.68E-107,Synapse_ExCA3
AFF2,1.40E-111,0.47319532,0.474,0.084,2.30E-107,Synapse_ExCA3
ATP1B1,1.63E-111,1.00409706,0.807,0.284,2.69E-107,Synapse_ExCA3
NECTIN1,3.99E-111,0.8807549,0.603,0.136,6.57E-107,Synapse_ExCA3
WIPF3,6.11E-111,0.27828781,0.633,0.21,1.01E-106,Synapse_ExCA3
PRKCG,5.81E-110,0.73882106,0.736,0.239,9.57E-106,Synapse_ExCA3
ATP2B1,4.33E-109,0.44095566,0.674,0.225,7.13E-105,Synapse_ExCA3
SYNGR1,2.41E-108,0.70223624,0.652,0.177,3.97E-104,Synapse_ExCA3
SYNJ1,2.13E-107,0.70280607,0.639,0.171,3.51E-103,Synapse_ExCA3
ENC1,3.90E-106,0.92290253,0.854,0.344,6.42E-102,Synapse_ExCA3
SYP,6.71E-106,0.79013655,0.672,0.193,1.11E-101,Synapse_ExCA3
NPTX1,1.07E-105,0.62588167,0.708,0.238,1.75E-101,Synapse_ExCA3
AMPH,1.17E-105,0.55415132,0.459,0.074,1.93E-101,Synapse_ExCA3
YWHAH,1.60E-105,0.58072681,0.751,0.275,2.63E-101,Synapse_ExCA3
CADM3,1.79E-105,0.77907417,0.685,0.207,2.94E-101,Synapse_ExCA3
SORT1,2.26E-105,0.95376135,0.824,0.316,3.73E-101,Synapse_ExCA3
SCN2A,2.38E-105,0.74625364,0.663,0.191,3.91E-101,Synapse_ExCA3
EPHA5,4.69E-105,0.74502103,0.545,0.116,7.73E-101,Synapse_ExCA3
HSPA8,5.09E-105,0.74066687,0.708,0.224,8.38E-101,Synapse_ExCA3
SPOCK2,6.67E-105,0.51928623,0.652,0.197,1.10E-100,Synapse_ExCA3
CELSR2,2.38E-104,0.74384303,0.82,0.321,3.92E-100,Synapse_ExCA3
GRIN1,2.60E-104,0.68078203,0.682,0.215,4.28E-100,Synapse_ExCA3
ERC1,3.29E-104,0.42330684,0.504,0.108,5.41E-100,Synapse_ExCA3
RTN3,4.75E-104,1.01001467,0.841,0.335,7.82E-100,Synapse_ExCA3
WASF1,1.07E-103,0.63494276,0.697,0.225,1.76E-99,Synapse_ExCA3
HSP90AA1,1.14E-103,0.97053102,0.783,0.279,1.88E-99,Synapse_ExCA3
CHN1,3.52E-103,0.66513114,0.807,0.317,5.79E-99,Synapse_ExCA3
GRIA1,6.08E-103,0.29418589,0.667,0.25,1.00E-98,Synapse_ExCA3
TMEM59L,7.28E-103,0.88726506,0.609,0.15,1.20E-98,Synapse_ExCA3
AK5,9.73E-103,0.51487618,0.663,0.216,1.60E-98,Synapse_ExCA3
SCAMP5,9.94E-103,0.63302088,0.691,0.218,1.64E-98,Synapse_ExCA3
ATP1A1,4.28E-102,1.17745972,0.749,0.252,7.05E-98,Synapse_ExCA3
THY1,8.55E-102,0.90409989,0.755,0.26,1.41E-97,Synapse_ExCA3
TMEM130,1.19E-101,0.40883597,0.685,0.256,1.96E-97,Synapse_ExCA3
NSF,1.47E-101,0.74613624,0.708,0.228,2.42E-97,Synapse_ExCA3
ATP2A2,4.45E-101,0.86339734,0.762,0.268,7.33E-97,Synapse_ExCA3
SLC25A22,4.48E-101,0.53260537,0.5,0.101,7.38E-97,Synapse_ExCA3
RAB3A,4.91E-101,0.4405947,0.59,0.164,8.08E-97,Synapse_ExCA3
SUSD4,7.04E-101,0.62023074,0.556,0.129,1.16E-96,Synapse_ExCA3
NFE2L1,8.80E-101,0.52107376,0.554,0.133,1.45E-96,Synapse_ExCA3
SV2A,1.11E-100,0.68344562,0.622,0.173,1.83E-96,Synapse_ExCA3
CPE,1.38E-100,0.63683078,0.637,0.187,2.28E-96,Synapse_ExCA3
ATP6V0A1,2.64E-100,0.64416235,0.622,0.172,4.35E-96,Synapse_ExCA3
NDRG4,2.93E-100,0.85543246,0.818,0.321,4.82E-96,Synapse_ExCA3
NRXN3,8.82E-100,0.54217311,0.567,0.148,1.45E-95,Synapse_ExCA3
NFASC,9.56E-100,0.46613855,0.515,0.119,1.57E-95,Synapse_ExCA3
SLC8A1,9.99E-100,0.57024892,0.704,0.245,1.64E-95,Synapse_ExCA3
DKK3,1.29E-99,0.57250103,0.667,0.215,2.13E-95,Synapse_ExCA3
SYT1,1.70E-99,0.92123446,0.845,0.35,2.80E-95,Synapse_ExCA3
ATP6V1A,1.96E-99,0.56821595,0.573,0.145,3.23E-95,Synapse_ExCA3
SYN2,9.47E-99,0.51719643,0.609,0.175,1.56E-94,Synapse_ExCA3
CAMK2B,1.47E-98,0.61515897,0.687,0.228,2.42E-94,Synapse_ExCA3
LSAMP,3.21E-98,0.47864154,0.762,0.303,5.28E-94,Synapse_ExCA3
DCLK1,3.55E-98,0.66683856,0.631,0.18,5.85E-94,Synapse_ExCA3
PTPRS,8.62E-98,0.55246378,0.614,0.176,1.42E-93,Synapse_ExCA3
UHMK1,1.25E-97,0.47125388,0.543,0.137,2.06E-93,Synapse_ExCA3
NCALD,2.16E-97,0.39679268,0.373,0.054,3.56E-93,Synapse_ExCA3
PPM1E,4.74E-97,0.63119953,0.545,0.127,7.80E-93,Synapse_ExCA3
DNM1,5.58E-97,0.78719188,0.702,0.232,9.19E-93,Synapse_ExCA3
PKM,7.97E-97,0.50126714,0.648,0.209,1.31E-92,Synapse_ExCA3
SYT11,1.08E-96,0.57427587,0.717,0.26,1.78E-92,Synapse_ExCA3
RTN1,1.24E-96,0.41545283,0.674,0.249,2.05E-92,Synapse_ExCA3
NELL2,1.78E-96,0.59009485,0.631,0.192,2.94E-92,Synapse_ExCA3
GNAO1,2.32E-96,0.2857761,0.719,0.289,3.81E-92,Synapse_ExCA3
SCN8A,3.36E-96,0.62356993,0.582,0.155,5.53E-92,Synapse_ExCA3
ST8SIA3,4.46E-96,0.60160286,0.618,0.186,7.35E-92,Synapse_ExCA3
CNTN1,4.72E-96,0.61373731,0.663,0.213,7.77E-92,Synapse_ExCA3
NRCAM,5.49E-96,0.57084985,0.667,0.221,9.04E-92,Synapse_ExCA3
SULF2,7.11E-96,0.49603187,0.38,0.049,1.17E-91,Synapse_ExCA3
DNAJC6,1.16E-95,0.47735217,0.646,0.211,1.90E-91,Synapse_ExCA3
PTPRN,1.77E-95,0.72586375,0.607,0.168,2.92E-91,Synapse_ExCA3
CLTC,1.83E-95,0.63276,0.624,0.182,3.02E-91,Synapse_ExCA3
SNAP91,2.56E-95,0.42793637,0.579,0.166,4.22E-91,Synapse_ExCA3
SEZ6L,2.61E-95,0.44329111,0.667,0.246,4.30E-91,Synapse_ExCA3
GRIA2,1.15E-94,0.36226703,0.644,0.231,1.90E-90,Synapse_ExCA3
HPCA,1.73E-94,0.29886165,0.685,0.26,2.84E-90,Synapse_ExCA3
PRDM8,2.66E-94,0.50483469,0.363,0.046,4.38E-90,Synapse_ExCA3
NT5DC3,3.17E-94,0.5788433,0.485,0.099,5.22E-90,Synapse_ExCA3
UCHL1,3.75E-94,0.61441497,0.67,0.217,6.18E-90,Synapse_ExCA3
RASGRF1,5.29E-94,0.35159291,0.479,0.111,8.71E-90,Synapse_ExCA3
EPS15,1.36E-93,0.47888981,0.511,0.123,2.24E-89,Synapse_ExCA3
PRKCE,1.65E-93,0.55080641,0.607,0.177,2.72E-89,Synapse_ExCA3
CLSTN1,4.02E-93,0.7765181,0.732,0.267,6.63E-89,Synapse_ExCA3
FAIM2,4.73E-93,0.4541637,0.758,0.319,7.79E-89,Synapse_ExCA3
TSPAN7,7.17E-93,0.61424437,0.616,0.181,1.18E-88,Synapse_ExCA3
KCNJ6,7.55E-93,0.51586421,0.657,0.226,1.24E-88,Synapse_ExCA3
ADGRL1,1.29E-92,0.38298857,0.575,0.17,2.12E-88,Synapse_ExCA3
BSN,1.71E-92,0.35439443,0.811,0.374,2.82E-88,Synapse_ExCA3
KIF3A,2.18E-92,0.4725338,0.494,0.112,3.59E-88,Synapse_ExCA3
RTN4,9.05E-92,0.48823512,0.73,0.287,1.49E-87,Synapse_ExCA3
L1CAM,5.96E-91,0.70985184,0.472,0.092,9.81E-87,Synapse_ExCA3
B4GAT1,7.90E-91,0.60137278,0.459,0.087,1.30E-86,Synapse_ExCA3
GDI1,9.51E-91,0.38205727,0.715,0.291,1.57E-86,Synapse_ExCA3
LARP1,1.25E-90,0.43999162,0.65,0.224,2.06E-86,Synapse_ExCA3
ALDOA,1.76E-90,0.46240554,0.67,0.239,2.90E-86,Synapse_ExCA3
PTK2B,3.30E-90,0.54463192,0.633,0.208,5.43E-86,Synapse_ExCA3
AP2B1,4.09E-90,0.39723539,0.659,0.238,6.74E-86,Synapse_ExCA3
CLIP3,5.05E-90,0.36968182,0.738,0.309,8.31E-86,Synapse_ExCA3
APP,2.03E-89,0.67220052,0.736,0.288,3.35E-85,Synapse_ExCA3
MAGED1,2.15E-89,0.49635942,0.487,0.109,3.53E-85,Synapse_ExCA3
PREPL,3.21E-89,0.53681171,0.672,0.239,5.28E-85,Synapse_ExCA3
SEZ6L2,3.85E-89,0.67142584,0.554,0.143,6.34E-85,Synapse_ExCA3
NEFM,4.90E-89,0.42742698,0.584,0.184,8.07E-85,Synapse_ExCA3
TUBA1B,7.41E-89,0.45437065,0.738,0.299,1.22E-84,Synapse_ExCA3
CNTNAP2,1.12E-88,0.32513077,0.53,0.159,1.84E-84,Synapse_ExCA3
PGM2L1,1.83E-88,0.34817838,0.575,0.182,3.01E-84,Synapse_ExCA3
HSP90AB1,2.18E-88,0.61788706,0.768,0.317,3.59E-84,Synapse_ExCA3
NEUROD2,3.09E-88,0.50089897,0.485,0.111,5.09E-84,Synapse_ExCA3
SARAF,4.90E-88,0.57746515,0.549,0.144,8.07E-84,Synapse_ExCA3
TUBB4A,8.22E-88,0.76676009,0.839,0.375,1.35E-83,Synapse_ExCA3
SMPD3,9.61E-88,0.44721096,0.418,0.076,1.58E-83,Synapse_ExCA3
STMN2,3.21E-87,0.31908989,0.616,0.216,5.29E-83,Synapse_ExCA3
YWHAB,3.84E-87,0.31138002,0.697,0.289,6.32E-83,Synapse_ExCA3
SIRPA,5.46E-87,0.37362917,0.541,0.158,9.00E-83,Synapse_ExCA3
ATP2B3,7.92E-87,0.55530492,0.485,0.11,1.30E-82,Synapse_ExCA3
SLC12A5,1.00E-86,0.48833934,0.524,0.137,1.65E-82,Synapse_ExCA3
ATP6V1B2,1.27E-86,0.51030784,0.498,0.118,2.08E-82,Synapse_ExCA3
ITM2C,1.42E-86,0.486997,0.53,0.144,2.33E-82,Synapse_ExCA3
DPP6,1.49E-86,0.58812545,0.592,0.183,2.45E-82,Synapse_ExCA3
GRIN2B,1.66E-86,0.61907257,0.856,0.419,2.74E-82,Synapse_ExCA3
YWHAG,2.14E-86,0.48552798,0.76,0.325,3.52E-82,Synapse_ExCA3
NRXN2,2.37E-86,0.29256191,0.571,0.189,3.91E-82,Synapse_ExCA3
DYNC1H1,3.12E-86,0.54042124,0.719,0.29,5.13E-82,Synapse_ExCA3
CACNA1E,3.51E-86,0.34258565,0.605,0.223,5.79E-82,Synapse_ExCA3
RAB3C,6.17E-86,0.52358606,0.629,0.211,1.02E-81,Synapse_ExCA3
PSAP,7.40E-86,0.69598507,0.667,0.239,1.22E-81,Synapse_ExCA3
PCLO,7.73E-86,0.57882007,0.762,0.32,1.27E-81,Synapse_ExCA3
SORL1,1.08E-85,0.42391622,0.582,0.186,1.77E-81,Synapse_ExCA3
LY6E,1.18E-85,0.44535806,0.459,0.1,1.94E-81,Synapse_ExCA3
NSG2,1.38E-85,0.47425619,0.534,0.149,2.28E-81,Synapse_ExCA3
PLD3,2.36E-85,0.63466685,0.633,0.209,3.88E-81,Synapse_ExCA3
GRINA,4.98E-85,0.56816886,0.511,0.125,8.19E-81,Synapse_ExCA3
MAP2K4,2.67E-84,0.39071941,0.479,0.115,4.40E-80,Synapse_ExCA3
ABHD12,6.39E-84,0.29079855,0.348,0.051,1.05E-79,Synapse_ExCA3
NRP1,1.02E-83,0.48164549,0.399,0.07,1.68E-79,Synapse_ExCA3
CNTNAP1,1.16E-83,0.45202889,0.511,0.133,1.90E-79,Synapse_ExCA3
PCDH1,2.44E-83,0.54043285,0.517,0.133,4.01E-79,Synapse_ExCA3
ABCA3,2.72E-83,0.48791003,0.412,0.076,4.49E-79,Synapse_ExCA3
ATP2B2,5.30E-83,0.36475798,0.592,0.206,8.72E-79,Synapse_ExCA3
STXBP1,9.10E-83,0.58189683,0.835,0.4,1.50E-78,Synapse_ExCA3
GABBR2,1.09E-82,0.41353423,0.569,0.185,1.80E-78,Synapse_ExCA3
SERINC1,1.15E-82,0.47777415,0.552,0.163,1.89E-78,Synapse_ExCA3
CAP2,1.37E-82,0.32888279,0.539,0.171,2.25E-78,Synapse_ExCA3
TTC3,1.48E-82,0.30362717,0.67,0.268,2.43E-78,Synapse_ExCA3
SPARCL1,1.74E-82,0.29403429,0.423,0.116,2.86E-78,Synapse_ExCA3
SYN1,2.06E-82,0.71025261,0.715,0.274,3.39E-78,Synapse_ExCA3
DMXL2,2.59E-82,0.43754713,0.509,0.138,4.26E-78,Synapse_ExCA3
TMEM151A,3.16E-82,0.36491729,0.348,0.05,5.21E-78,Synapse_ExCA3
TMEM178B,9.85E-82,0.32910668,0.386,0.077,1.62E-77,Synapse_ExCA3
DOCK9,1.02E-81,0.41946112,0.395,0.078,1.68E-77,Synapse_ExCA3
ANK2,2.20E-81,0.40867358,0.813,0.396,3.62E-77,Synapse_ExCA3
SLC22A17,2.53E-81,0.59510392,0.584,0.18,4.17E-77,Synapse_ExCA3
SERINC3,2.63E-81,0.48585798,0.496,0.128,4.34E-77,Synapse_ExCA3
EEF1A2,3.95E-81,0.34514985,0.532,0.162,6.50E-77,Synapse_ExCA3
PTPRK,4.85E-81,0.5105382,0.345,0.052,7.98E-77,Synapse_ExCA3
NEUROD6,1.33E-80,0.41301086,0.328,0.048,2.19E-76,Synapse_ExCA3
ADD2,2.08E-80,0.37337983,0.622,0.229,3.43E-76,Synapse_ExCA3
RYR2,7.45E-80,0.39035812,0.534,0.169,1.23E-75,Synapse_ExCA3
CELF4,7.59E-80,0.32550339,0.472,0.124,1.25E-75,Synapse_ExCA3
RAB6B,1.04E-79,0.31332583,0.659,0.273,1.71E-75,Synapse_ExCA3
NPTXR,1.37E-79,0.86866662,0.91,0.497,2.25E-75,Synapse_ExCA3
PLXNA4,1.74E-79,0.29619626,0.588,0.221,2.87E-75,Synapse_ExCA3
ASTN1,1.78E-79,0.50126284,0.552,0.169,2.93E-75,Synapse_ExCA3
PGAP4,2.13E-79,0.54216148,0.423,0.084,3.51E-75,Synapse_ExCA3
GRK3,7.32E-79,0.38780506,0.485,0.135,1.21E-74,Synapse_ExCA3
DYNC1I1,1.03E-78,0.45188734,0.393,0.073,1.69E-74,Synapse_ExCA3
NDRG3,1.05E-78,0.53911444,0.466,0.11,1.73E-74,Synapse_ExCA3
BSG,1.90E-78,0.37864342,0.468,0.121,3.13E-74,Synapse_ExCA3
RHBDD2,2.26E-78,0.40645089,0.515,0.153,3.72E-74,Synapse_ExCA3
ZDHHC22,2.55E-78,0.4622814,0.365,0.063,4.20E-74,Synapse_ExCA3
KCNA2,7.72E-78,0.31712483,0.464,0.124,1.27E-73,Synapse_ExCA3
CACNA2D3,1.33E-77,0.31517249,0.27,0.03,2.19E-73,Synapse_ExCA3
NECAB1,2.05E-77,0.51757032,0.455,0.11,3.38E-73,Synapse_ExCA3
CADPS,2.27E-77,0.43693303,0.5,0.141,3.74E-73,Synapse_ExCA3
NAPB,3.30E-77,0.36192766,0.556,0.184,5.44E-73,Synapse_ExCA3
SPHKAP,4.12E-77,0.28131704,0.571,0.215,6.78E-73,Synapse_ExCA3
ATP8A1,5.61E-77,0.25315121,0.515,0.172,9.23E-73,Synapse_ExCA3
PLCB1,8.68E-77,0.3678438,0.536,0.17,1.43E-72,Synapse_ExCA3
KIFAP3,1.23E-76,0.40848298,0.418,0.092,2.03E-72,Synapse_ExCA3
GALNT17,1.56E-76,0.42859042,0.466,0.118,2.56E-72,Synapse_ExCA3
KIF1B,1.86E-76,0.29501068,0.667,0.284,3.06E-72,Synapse_ExCA3
MINK1,2.55E-76,0.2632311,0.573,0.214,4.20E-72,Synapse_ExCA3
CRMP1,3.52E-76,0.34905303,0.464,0.124,5.79E-72,Synapse_ExCA3
TENM3,3.75E-76,0.45033477,0.384,0.073,6.18E-72,Synapse_ExCA3
PRXL2A,7.19E-76,0.31989907,0.315,0.047,1.18E-71,Synapse_ExCA3
MDH1,7.99E-76,0.40726308,0.382,0.072,1.32E-71,Synapse_ExCA3
DNM3,1.19E-75,0.29989,0.459,0.123,1.97E-71,Synapse_ExCA3
PRKAR1B,1.94E-75,0.31359256,0.509,0.157,3.19E-71,Synapse_ExCA3
ATP6V0D1,2.36E-75,0.41005154,0.38,0.071,3.89E-71,Synapse_ExCA3
MARCHF6,3.12E-75,0.38468469,0.489,0.139,5.13E-71,Synapse_ExCA3
POLR2A,3.15E-75,0.37217105,0.5,0.151,5.19E-71,Synapse_ExCA3
KLC2,3.58E-75,0.40053535,0.41,0.09,5.90E-71,Synapse_ExCA3
CHGA,4.38E-75,0.5128238,0.318,0.042,7.20E-71,Synapse_ExCA3
INPP5F,4.66E-75,0.3842709,0.378,0.074,7.67E-71,Synapse_ExCA3
NCKAP1,7.60E-75,0.31428576,0.552,0.193,1.25E-70,Synapse_ExCA3
ATP13A2,7.62E-75,0.40384438,0.395,0.08,1.26E-70,Synapse_ExCA3
PPP2R1A,8.60E-75,0.29345794,0.483,0.141,1.42E-70,Synapse_ExCA3
PRICKLE2,9.04E-75,0.32656464,0.502,0.155,1.49E-70,Synapse_ExCA3
AC107398.3,1.77E-74,0.41355747,0.41,0.093,2.92E-70,Synapse_ExCA3
CAMKV,2.21E-74,0.29396927,0.483,0.145,3.64E-70,Synapse_ExCA3
SYT7,5.66E-74,0.29510083,0.448,0.123,9.31E-70,Synapse_ExCA3
HSPH1,1.99E-73,0.51749949,0.479,0.13,3.27E-69,Synapse_ExCA3
IDH3A,2.37E-73,0.28835182,0.352,0.066,3.90E-69,Synapse_ExCA3
PRKACA,3.31E-73,0.35254694,0.438,0.11,5.46E-69,Synapse_ExCA3
APLP2,3.64E-73,0.34929615,0.534,0.183,6.00E-69,Synapse_ExCA3
TOMM34,4.00E-73,0.41234938,0.33,0.054,6.58E-69,Synapse_ExCA3
NDFIP1,5.00E-73,0.380274,0.479,0.136,8.23E-69,Synapse_ExCA3
HIVEP2,5.10E-73,0.25587055,0.485,0.153,8.40E-69,Synapse_ExCA3
TUBA4A,5.23E-73,0.39900665,0.412,0.09,8.60E-69,Synapse_ExCA3
DGKH,6.67E-73,0.31809253,0.388,0.091,1.10E-68,Synapse_ExCA3
RAC1,7.43E-73,0.29103972,0.461,0.133,1.22E-68,Synapse_ExCA3
ATP6AP1,7.46E-73,0.42380046,0.373,0.069,1.23E-68,Synapse_ExCA3
FAM171A1,1.89E-72,0.34038339,0.44,0.115,3.11E-68,Synapse_ExCA3
ENO2,1.97E-72,0.36078018,0.451,0.12,3.25E-68,Synapse_ExCA3
NCAM1,2.37E-72,0.32479871,0.592,0.234,3.90E-68,Synapse_ExCA3
ANKRD52,4.41E-72,0.34229223,0.341,0.061,7.26E-68,Synapse_ExCA3
ATP8A2,2.23E-71,0.35476733,0.403,0.094,3.67E-67,Synapse_ExCA3
TMEM63B,3.09E-71,0.35818847,0.322,0.049,5.09E-67,Synapse_ExCA3
MYADM,3.37E-71,0.33381466,0.322,0.052,5.55E-67,Synapse_ExCA3
CNR1,3.54E-71,0.30389496,0.307,0.054,5.82E-67,Synapse_ExCA3
CDK14,3.73E-71,0.26782153,0.44,0.122,6.13E-67,Synapse_ExCA3
ARFGEF2,1.14E-70,0.31797035,0.339,0.062,1.87E-66,Synapse_ExCA3
HMGCS1,1.16E-70,0.41764837,0.32,0.05,1.90E-66,Synapse_ExCA3
TGOLN2,1.23E-70,0.37109916,0.489,0.15,2.03E-66,Synapse_ExCA3
CDKL5,2.26E-70,0.3405068,0.455,0.133,3.71E-66,Synapse_ExCA3
ANXA6,3.35E-70,0.33310583,0.3,0.044,5.52E-66,Synapse_ExCA3
WASL,1.65E-69,0.30428865,0.446,0.13,2.72E-65,Synapse_ExCA3
TSC22D1,1.92E-69,0.25997851,0.485,0.155,3.16E-65,Synapse_ExCA3
MEGF9,1.93E-69,0.33172951,0.403,0.098,3.17E-65,Synapse_ExCA3
DUSP4,1.96E-69,0.36096142,0.296,0.044,3.22E-65,Synapse_ExCA3
PFKP,2.98E-69,0.31069989,0.335,0.058,4.90E-65,Synapse_ExCA3
WSCD2,4.84E-69,0.32209678,0.33,0.059,7.96E-65,Synapse_ExCA3
ATP5F1B,8.71E-69,0.365132,0.431,0.112,1.43E-64,Synapse_ExCA3
ATRN,9.23E-69,0.35331044,0.423,0.11,1.52E-64,Synapse_ExCA3
AP2A2,5.32E-68,0.32547956,0.369,0.077,8.77E-64,Synapse_ExCA3
CD99L2,5.88E-68,0.30563879,0.352,0.071,9.69E-64,Synapse_ExCA3
HYOU1,7.42E-68,0.34481991,0.403,0.099,1.22E-63,Synapse_ExCA3
SLC9A6,2.30E-67,0.42196975,0.382,0.081,3.78E-63,Synapse_ExCA3
CHST1,2.81E-67,0.27896081,0.41,0.107,4.62E-63,Synapse_ExCA3
ACTB,2.83E-67,0.29195781,0.897,0.535,4.65E-63,Synapse_ExCA3
PGAP1,5.34E-67,0.29545174,0.371,0.083,8.79E-63,Synapse_ExCA3
RAP1GDS1,1.01E-66,0.36509062,0.32,0.056,1.66E-62,Synapse_ExCA3
SLC24A2,1.06E-66,0.36119109,0.56,0.214,1.75E-62,Synapse_ExCA3
CLCN4,2.73E-66,0.36937917,0.418,0.109,4.50E-62,Synapse_ExCA3
REEP2,5.34E-66,0.28316001,0.345,0.072,8.79E-62,Synapse_ExCA3
CALR,9.31E-66,0.30487865,0.393,0.096,1.53E-61,Synapse_ExCA3
GPR158,1.45E-65,0.25640018,0.283,0.043,2.39E-61,Synapse_ExCA3
HSPA12A,3.44E-65,0.299265,0.44,0.13,5.67E-61,Synapse_ExCA3
TUBB2A,3.53E-65,0.2948167,0.352,0.074,5.82E-61,Synapse_ExCA3
ABHD2,5.49E-65,0.28711815,0.418,0.12,9.04E-61,Synapse_ExCA3
SULT4A1,5.54E-65,0.40961279,0.378,0.085,9.12E-61,Synapse_ExCA3
ADAM11,7.06E-65,0.39710944,0.315,0.054,1.16E-60,Synapse_ExCA3
ARHGAP26,9.78E-65,0.29114084,0.378,0.092,1.61E-60,Synapse_ExCA3
MAP1B,1.39E-64,0.67468554,0.981,0.753,2.29E-60,Synapse_ExCA3
VSNL1,1.99E-64,0.38286605,0.464,0.142,3.27E-60,Synapse_ExCA3
GLS,4.52E-64,0.2791507,0.401,0.107,7.45E-60,Synapse_ExCA3
CD47,8.38E-64,0.30087454,0.397,0.103,1.38E-59,Synapse_ExCA3
NPDC1,5.33E-63,0.34099591,0.328,0.063,8.77E-59,Synapse_ExCA3
LRRN2,7.41E-63,0.30526002,0.29,0.046,1.22E-58,Synapse_ExCA3
ARHGEF3,8.25E-63,0.3595915,0.322,0.06,1.36E-58,Synapse_ExCA3
SLC4A8,1.60E-62,0.35177927,0.277,0.039,2.63E-58,Synapse_ExCA3
MAPK8IP3,1.90E-62,0.31605595,0.479,0.164,3.14E-58,Synapse_ExCA3
SLC17A7,4.53E-62,0.43302492,0.903,0.542,7.46E-58,Synapse_ExCA3
EPDR1,4.85E-62,0.41452284,0.305,0.051,7.98E-58,Synapse_ExCA3
PTPRD,6.49E-62,0.49526899,0.335,0.068,1.07E-57,Synapse_ExCA3
CANX,7.05E-62,0.26183247,0.438,0.138,1.16E-57,Synapse_ExCA3
AARS1,1.35E-61,0.27286517,0.348,0.08,2.22E-57,Synapse_ExCA3
GUCY1A2,1.42E-61,0.38719544,0.38,0.097,2.34E-57,Synapse_ExCA3
LY6H,1.50E-61,0.37601102,0.324,0.061,2.47E-57,Synapse_ExCA3
ACSL4,3.67E-61,0.26013986,0.339,0.074,6.04E-57,Synapse_ExCA3
SYT5,5.04E-61,0.27598731,0.356,0.087,8.30E-57,Synapse_ExCA3
VPS35,5.29E-61,0.25055299,0.33,0.07,8.71E-57,Synapse_ExCA3
DDX24,5.35E-61,0.28008194,0.386,0.103,8.81E-57,Synapse_ExCA3
TUBB4B,6.54E-61,0.33094165,0.277,0.041,1.08E-56,Synapse_ExCA3
WDR47,9.55E-61,0.3458467,0.365,0.086,1.57E-56,Synapse_ExCA3
ATP6V1C1,3.66E-60,0.30726881,0.41,0.116,6.02E-56,Synapse_ExCA3
UNC5A,4.34E-60,0.25796812,0.339,0.078,7.15E-56,Synapse_ExCA3
CLPTM1,5.71E-60,0.2957569,0.352,0.085,9.39E-56,Synapse_ExCA3
PLXNA1,9.82E-60,0.3669401,0.335,0.071,1.62E-55,Synapse_ExCA3
AL592490.1,1.04E-59,0.26606919,0.337,0.082,1.71E-55,Synapse_ExCA3
GHITM,1.27E-59,0.29122353,0.298,0.055,2.09E-55,Synapse_ExCA3
CAPZB,2.48E-59,0.25576989,0.352,0.086,4.09E-55,Synapse_ExCA3
EPB41L3,2.62E-59,0.26560578,0.326,0.072,4.31E-55,Synapse_ExCA3
PDK3,4.88E-58,0.27427865,0.275,0.048,8.04E-54,Synapse_ExCA3
PTPN5,5.65E-58,0.2939927,0.275,0.045,9.30E-54,Synapse_ExCA3
NCEH1,6.17E-58,0.33663461,0.32,0.065,1.02E-53,Synapse_ExCA3
CHRM1,6.24E-58,0.38071173,0.311,0.059,1.03E-53,Synapse_ExCA3
NPTN,7.41E-58,0.34148961,0.425,0.129,1.22E-53,Synapse_ExCA3
APBB1,1.06E-57,0.37964889,0.365,0.09,1.74E-53,Synapse_ExCA3
GOT1,4.31E-57,0.32019153,0.318,0.065,7.10E-53,Synapse_ExCA3
PNMA8A,1.05E-56,0.31590775,0.365,0.097,1.73E-52,Synapse_ExCA3
LMBRD2,2.06E-56,0.36674631,0.354,0.087,3.38E-52,Synapse_ExCA3
GLG1,3.64E-56,0.29954002,0.322,0.069,5.99E-52,Synapse_ExCA3
CASD1,6.56E-56,0.31240534,0.315,0.068,1.08E-51,Synapse_ExCA3
APBA2,7.18E-56,0.28444485,0.354,0.09,1.18E-51,Synapse_ExCA3
ENTPD6,1.01E-55,0.28480198,0.315,0.067,1.66E-51,Synapse_ExCA3
GPR155,1.20E-55,0.2934244,0.32,0.072,1.98E-51,Synapse_ExCA3
SH3GL2,2.25E-55,0.34437929,0.32,0.072,3.70E-51,Synapse_ExCA3
SLITRK3,5.60E-55,0.27985505,0.313,0.068,9.22E-51,Synapse_ExCA3
PCDH8,5.88E-55,0.25987437,0.285,0.055,9.67E-51,Synapse_ExCA3
DCTN1,1.97E-54,0.26647934,0.386,0.113,3.24E-50,Synapse_ExCA3
SLC7A1,6.62E-54,0.37823123,0.33,0.077,1.09E-49,Synapse_ExCA3
QSOX1,1.33E-53,0.26956928,0.26,0.043,2.19E-49,Synapse_ExCA3
RNFT2,1.33E-53,0.25359937,0.285,0.059,2.19E-49,Synapse_ExCA3
SNCA,1.69E-53,0.26370905,0.324,0.082,2.79E-49,Synapse_ExCA3
SLIT3,8.45E-53,0.28483492,0.354,0.099,1.39E-48,Synapse_ExCA3
PNMA1,2.36E-52,0.26640082,0.324,0.078,3.89E-48,Synapse_ExCA3
SCG5,6.29E-52,0.31608507,0.313,0.071,1.04E-47,Synapse_ExCA3
SEZ6,1.56E-50,0.31116094,0.285,0.059,2.56E-46,Synapse_ExCA3
HMGCR,1.76E-50,0.31124514,0.298,0.065,2.89E-46,Synapse_ExCA3
DGKG,2.97E-50,0.25381499,0.352,0.109,4.90E-46,Synapse_ExCA3
HACD3,4.83E-49,0.27016426,0.311,0.077,7.96E-45,Synapse_ExCA3
PPME1,5.41E-49,0.32607753,0.296,0.066,8.92E-45,Synapse_ExCA3
CAND1,5.42E-48,0.2703163,0.32,0.084,8.92E-44,Synapse_ExCA3
PPFIBP1,8.33E-47,0.25136266,0.305,0.078,1.37E-42,Synapse_ExCA3
YARS1,2.43E-46,0.29445603,0.262,0.053,4.00E-42,Synapse_ExCA3
ATP6AP2,8.22E-46,0.25583375,0.253,0.052,1.35E-41,Synapse_ExCA3
COPG1,2.48E-44,0.30518722,0.279,0.064,4.09E-40,Synapse_ExCA3
TMEM248,6.58E-39,0.26461421,0.258,0.065,1.08E-34,Synapse_ExCA3
ADRA1A,0,1.89853746,0.66,0.096,0,Synapse_ExDG
SEMA5A,5.75E-262,1.35253255,0.561,0.092,9.47E-258,Synapse_ExDG
PROX1,2.54E-212,1.11452167,0.44,0.063,4.18E-208,Synapse_ExDG
STXBP6,3.09E-186,0.76706392,0.355,0.047,5.08E-182,Synapse_ExDG
MRTFB,2.40E-144,0.81990675,0.582,0.196,3.94E-140,Synapse_ExDG
TIAM1,3.03E-142,0.6670056,0.385,0.079,4.99E-138,Synapse_ExDG
MAP1B,2.51E-141,0.7921867,0.96,0.731,4.14E-137,Synapse_ExDG
PEG10,7.54E-140,0.88904494,0.555,0.181,1.24E-135,Synapse_ExDG
FAT4,1.11E-139,0.73125327,0.251,0.022,1.83E-135,Synapse_ExDG
NPTX1,2.97E-139,0.97250502,0.59,0.208,4.89E-135,Synapse_ExDG
PLXNA4,4.26E-126,0.87629447,0.544,0.188,7.01E-122,Synapse_ExDG
ARFGEF3,2.17E-125,0.77721061,0.521,0.173,3.58E-121,Synapse_ExDG
NCDN,3.18E-121,0.7895186,0.773,0.402,5.24E-117,Synapse_ExDG
EDIL3,7.15E-121,0.70809141,0.479,0.149,1.18E-116,Synapse_ExDG
ATP2B4,2.47E-120,0.76711981,0.437,0.126,4.06E-116,Synapse_ExDG
SLC8A2,2.79E-119,0.68966201,0.458,0.137,4.60E-115,Synapse_ExDG
AL592490.1,8.30E-119,0.76579155,0.316,0.057,1.37E-114,Synapse_ExDG
BTBD3,1.33E-117,0.56818102,0.54,0.203,2.19E-113,Synapse_ExDG
PLEKHA2,3.30E-116,0.59117043,0.323,0.065,5.43E-112,Synapse_ExDG
CLSTN2,3.17E-115,0.82978182,0.656,0.294,5.22E-111,Synapse_ExDG
SLC7A14,1.80E-112,0.69316958,0.37,0.09,2.97E-108,Synapse_ExDG
OLFM1,3.92E-112,0.68188857,0.539,0.202,6.45E-108,Synapse_ExDG
GNAL,1.57E-110,0.47988006,0.338,0.082,2.58E-106,Synapse_ExDG
ENC1,8.76E-110,0.47164181,0.653,0.325,1.44E-105,Synapse_ExDG
RFX3,2.32E-108,0.45988822,0.292,0.062,3.81E-104,Synapse_ExDG
ATP1A1,3.29E-107,0.73798812,0.566,0.231,5.42E-103,Synapse_ExDG
STXBP1,2.80E-102,0.61445024,0.713,0.374,4.62E-98,Synapse_ExDG
KCNIP2,5.29E-102,0.53985349,0.354,0.093,8.72E-98,Synapse_ExDG
PPP3CA,2.90E-100,0.43818214,0.639,0.32,4.78E-96,Synapse_ExDG
ADCY1,6.34E-100,0.62834992,0.469,0.169,1.04E-95,Synapse_ExDG
NPTXR,1.36E-99,0.52586563,0.8,0.471,2.23E-95,Synapse_ExDG
PRKACB,1.63E-99,0.58892777,0.485,0.179,2.69E-95,Synapse_ExDG
ANK3,2.91E-99,0.62427712,0.556,0.233,4.78E-95,Synapse_ExDG
NRGN,1.21E-97,0.47349094,0.646,0.324,1.99E-93,Synapse_ExDG
PEA15,1.25E-97,0.45559462,0.635,0.307,2.07E-93,Synapse_ExDG
PHYHIP,1.39E-97,0.62323882,0.523,0.21,2.28E-93,Synapse_ExDG
PPFIA2,3.84E-97,0.47172933,0.342,0.094,6.32E-93,Synapse_ExDG
CHGB,9.03E-97,0.71873903,0.446,0.154,1.49E-92,Synapse_ExDG
CREG2,2.53E-96,0.60329058,0.56,0.241,4.17E-92,Synapse_ExDG
RTN3,2.08E-94,0.36143955,0.612,0.321,3.42E-90,Synapse_ExDG
SYT13,1.03E-92,0.4769351,0.325,0.085,1.70E-88,Synapse_ExDG
MAPK1,1.05E-91,0.50644829,0.51,0.212,1.73E-87,Synapse_ExDG
KCTD16,1.16E-91,0.54148193,0.425,0.148,1.91E-87,Synapse_ExDG
THY1,1.45E-91,0.39745058,0.525,0.248,2.39E-87,Synapse_ExDG
YWHAH,3.27E-90,0.40023214,0.552,0.26,5.39E-86,Synapse_ExDG
ADAM22,5.08E-89,0.56361189,0.354,0.103,8.36E-85,Synapse_ExDG
ZNF483,1.06E-88,0.56573132,0.497,0.204,1.74E-84,Synapse_ExDG
RASGRF2,1.37E-88,0.4108341,0.326,0.094,2.25E-84,Synapse_ExDG
CELSR2,2.20E-88,0.44045702,0.603,0.306,3.62E-84,Synapse_ExDG
SORT1,2.26E-88,0.42888985,0.591,0.303,3.71E-84,Synapse_ExDG
GRIN2B,4.24E-88,0.60203924,0.713,0.397,6.98E-84,Synapse_ExDG
TMEM130,1.32E-87,0.5898847,0.535,0.236,2.17E-83,Synapse_ExDG
KCNJ6,3.22E-86,0.6822049,0.501,0.207,5.31E-82,Synapse_ExDG
GNG2,3.09E-85,0.27848017,0.361,0.128,5.08E-81,Synapse_ExDG
DNM1,4.29E-85,0.36715117,0.482,0.221,7.07E-81,Synapse_ExDG
GRIA2,6.72E-85,0.50498135,0.496,0.213,1.11E-80,Synapse_ExDG
TTTY14,7.57E-85,0.36604311,0.27,0.066,1.25E-80,Synapse_ExDG
CLSTN1,5.88E-84,0.27188515,0.509,0.257,9.69E-80,Synapse_ExDG
C11orf87,2.02E-83,0.57507812,0.336,0.097,3.33E-79,Synapse_ExDG
APLP1,2.75E-83,0.3746088,0.501,0.228,4.52E-79,Synapse_ExDG
NBEA,2.50E-82,0.50928406,0.425,0.161,4.12E-78,Synapse_ExDG
APP,3.27E-82,0.33077612,0.535,0.276,5.39E-78,Synapse_ExDG
GDI1,5.69E-82,0.32583247,0.545,0.276,9.36E-78,Synapse_ExDG
PSD3,7.14E-82,0.41128753,0.562,0.275,1.17E-77,Synapse_ExDG
CYFIP2,1.82E-81,0.3382307,0.601,0.315,2.99E-77,Synapse_ExDG
NCAM2,1.87E-81,0.45549425,0.382,0.132,3.09E-77,Synapse_ExDG
PTK2B,9.88E-81,0.40675252,0.455,0.194,1.63E-76,Synapse_ExDG
GAS7,1.26E-80,0.32545878,0.527,0.25,2.08E-76,Synapse_ExDG
PSAP,1.68E-80,0.47981518,0.496,0.223,2.77E-76,Synapse_ExDG
ZBTB18,2.34E-80,0.40457886,0.454,0.193,3.86E-76,Synapse_ExDG
MEF2D,2.69E-80,0.49554625,0.41,0.152,4.42E-76,Synapse_ExDG
HLF,2.86E-79,0.37122396,0.279,0.076,4.70E-75,Synapse_ExDG
CACNA1E,2.50E-78,0.55073596,0.477,0.205,4.11E-74,Synapse_ExDG
PREPL,2.62E-78,0.38388885,0.482,0.226,4.31E-74,Synapse_ExDG
RBFOX1,2.17E-77,0.2687048,0.503,0.245,3.58E-73,Synapse_ExDG
MYCBP2,5.63E-77,0.53964151,0.48,0.209,9.27E-73,Synapse_ExDG
SYN2,6.84E-77,0.47497801,0.418,0.162,1.13E-72,Synapse_ExDG
SYNE1,7.09E-77,0.51071014,0.448,0.185,1.17E-72,Synapse_ExDG
EFNB3,4.66E-76,0.47428946,0.262,0.063,7.68E-72,Synapse_ExDG
LMO3,6.18E-76,0.34351679,0.346,0.123,1.02E-71,Synapse_ExDG
CELF1,1.59E-75,0.46575578,0.35,0.117,2.62E-71,Synapse_ExDG
RTN4,2.03E-75,0.33429861,0.535,0.275,3.34E-71,Synapse_ExDG
MPRIP,2.13E-75,0.25749436,0.492,0.234,3.51E-71,Synapse_ExDG
SNAP25,3.59E-75,0.32340506,0.753,0.483,5.90E-71,Synapse_ExDG
SNCB,6.56E-75,0.51475135,0.361,0.123,1.08E-70,Synapse_ExDG
IGFBP5,6.92E-75,0.36147497,0.3,0.091,1.14E-70,Synapse_ExDG
ANK2,7.75E-75,0.34468564,0.649,0.38,1.28E-70,Synapse_ExDG
PRRC2B,2.36E-74,0.3531396,0.585,0.307,3.89E-70,Synapse_ExDG
LZTS3,5.06E-74,0.25223979,0.354,0.134,8.33E-70,Synapse_ExDG
STOX2,7.45E-74,0.36690646,0.286,0.083,1.23E-69,Synapse_ExDG
PPP1R9A,5.78E-73,0.45293327,0.316,0.099,9.51E-69,Synapse_ExDG
TSPYL1,1.95E-72,0.43008725,0.418,0.172,3.21E-68,Synapse_ExDG
DGKB,9.13E-72,0.35090419,0.28,0.083,1.50E-67,Synapse_ExDG
CPEB4,7.35E-71,0.42749714,0.297,0.09,1.21E-66,Synapse_ExDG
EHD3,3.07E-70,0.36225589,0.295,0.09,5.05E-66,Synapse_ExDG
PLD3,3.28E-70,0.26510768,0.425,0.201,5.40E-66,Synapse_ExDG
LRRC7,1.33E-69,0.43969308,0.534,0.266,2.19E-65,Synapse_ExDG
GABRB3,1.69E-69,0.49030261,0.443,0.192,2.78E-65,Synapse_ExDG
MAST3,2.33E-69,0.26711122,0.487,0.242,3.84E-65,Synapse_ExDG
LONRF2,2.43E-69,0.37192185,0.425,0.184,4.00E-65,Synapse_ExDG
NRN1,1.03E-68,0.32759755,0.294,0.095,1.69E-64,Synapse_ExDG
CELF2,1.42E-68,0.31359811,0.504,0.256,2.34E-64,Synapse_ExDG
ARHGEF9,2.06E-68,0.33250513,0.473,0.226,3.39E-64,Synapse_ExDG
PCLO,3.41E-68,0.31096168,0.561,0.308,5.61E-64,Synapse_ExDG
FKBP1A,3.73E-68,0.4014205,0.351,0.128,6.14E-64,Synapse_ExDG
SESN3,3.76E-68,0.40231152,0.31,0.105,6.19E-64,Synapse_ExDG
RGS7BP,4.31E-68,0.33981052,0.361,0.139,7.10E-64,Synapse_ExDG
ATP8A1,5.00E-68,0.43183561,0.393,0.156,8.24E-64,Synapse_ExDG
ATP9A,7.32E-68,0.27305883,0.497,0.252,1.20E-63,Synapse_ExDG
AKAP11,1.41E-67,0.27686991,0.485,0.243,2.32E-63,Synapse_ExDG
LRP1,1.58E-67,0.59094567,0.42,0.175,2.60E-63,Synapse_ExDG
PNMA2,2.69E-67,0.39944586,0.454,0.207,4.44E-63,Synapse_ExDG
WASF1,1.07E-66,0.27474391,0.443,0.221,1.77E-62,Synapse_ExDG
ADCYAP1R1,1.33E-66,0.40922612,0.264,0.078,2.20E-62,Synapse_ExDG
ATP2B1,3.22E-66,0.40401253,0.457,0.216,5.31E-62,Synapse_ExDG
CNKSR2,3.97E-66,0.30725089,0.39,0.166,6.54E-62,Synapse_ExDG
NELL2,1.06E-65,0.28760722,0.403,0.186,1.74E-61,Synapse_ExDG
NUCKS1,1.72E-65,0.25582402,0.452,0.222,2.83E-61,Synapse_ExDG
RTP5,2.71E-65,0.36476892,0.282,0.087,4.46E-61,Synapse_ExDG
GABBR2,4.65E-65,0.41166493,0.403,0.174,7.66E-61,Synapse_ExDG
GRIN2A,4.66E-65,0.39123153,0.403,0.174,7.67E-61,Synapse_ExDG
VSTM2L,6.00E-65,0.38881965,0.289,0.09,9.87E-61,Synapse_ExDG
SEZ6L,7.94E-65,0.42212915,0.477,0.235,1.31E-60,Synapse_ExDG
DKK3,8.67E-65,0.38159594,0.442,0.207,1.43E-60,Synapse_ExDG
SIPA1L1,4.08E-64,0.33562458,0.378,0.155,6.71E-60,Synapse_ExDG
PTMS,6.69E-64,0.26692932,0.328,0.124,1.10E-59,Synapse_ExDG
EGR3,8.00E-64,0.31978448,0.261,0.083,1.32E-59,Synapse_ExDG
CAMK2B,2.11E-63,0.2863105,0.449,0.222,3.48E-59,Synapse_ExDG
CAMK1D,4.89E-63,0.28982565,0.46,0.228,8.05E-59,Synapse_ExDG
GRIA1,5.83E-63,0.34806877,0.474,0.239,9.59E-59,Synapse_ExDG
CADM3,1.82E-61,0.26251268,0.41,0.205,3.00E-57,Synapse_ExDG
CX3CL1,1.22E-60,0.39686652,0.305,0.107,2.01E-56,Synapse_ExDG
NRXN1,3.03E-60,0.28618587,0.44,0.218,4.99E-56,Synapse_ExDG
PBX1,3.38E-60,0.29565959,0.31,0.116,5.57E-56,Synapse_ExDG
SCN2A,3.72E-60,0.28811481,0.396,0.188,6.13E-56,Synapse_ExDG
BMERB1,7.68E-60,0.3529538,0.321,0.119,1.26E-55,Synapse_ExDG
TSPYL4,8.44E-59,0.3704102,0.39,0.171,1.39E-54,Synapse_ExDG
PLPPR4,1.24E-58,0.25402876,0.375,0.174,2.04E-54,Synapse_ExDG
CDK5R1,8.48E-58,0.27681581,0.335,0.135,1.40E-53,Synapse_ExDG
SORL1,1.61E-57,0.34855799,0.393,0.177,2.66E-53,Synapse_ExDG
KCTD12,2.08E-56,0.29396113,0.258,0.086,3.43E-52,Synapse_ExDG
AK5,2.11E-56,0.30233156,0.417,0.212,3.47E-52,Synapse_ExDG
LINC00641,8.93E-56,0.28635881,0.321,0.128,1.47E-51,Synapse_ExDG
BCL11B,1.18E-55,0.27869256,0.26,0.088,1.95E-51,Synapse_ExDG
SPHKAP,2.96E-55,0.25550278,0.411,0.205,4.87E-51,Synapse_ExDG
GABRB2,3.45E-55,0.28108404,0.339,0.145,5.69E-51,Synapse_ExDG
CACNA2D1,4.49E-54,0.37146333,0.278,0.098,7.39E-50,Synapse_ExDG
CDS2,1.17E-53,0.31052348,0.348,0.15,1.92E-49,Synapse_ExDG
TGOLN2,3.66E-53,0.30006751,0.334,0.141,6.02E-49,Synapse_ExDG
DGKG,7.92E-53,0.33146895,0.273,0.096,1.30E-48,Synapse_ExDG
CAMSAP2,2.39E-52,0.30835439,0.345,0.149,3.93E-48,Synapse_ExDG
TMEM59L,2.56E-52,0.25597989,0.332,0.151,4.22E-48,Synapse_ExDG
RYR2,3.43E-52,0.28023566,0.357,0.162,5.64E-48,Synapse_ExDG
CAP2,1.31E-50,0.26724125,0.354,0.165,2.15E-46,Synapse_ExDG
GABRG2,1.48E-50,0.37705359,0.296,0.112,2.43E-46,Synapse_ExDG
TMX4,1.57E-50,0.2698368,0.27,0.099,2.59E-46,Synapse_ExDG
CHST1,3.24E-50,0.29729141,0.273,0.099,5.33E-46,Synapse_ExDG
USP11,2.04E-49,0.28298536,0.31,0.126,3.36E-45,Synapse_ExDG
TANC2,4.67E-49,0.33192255,0.332,0.143,7.69E-45,Synapse_ExDG
REEP5,1.66E-48,0.31180353,0.261,0.094,2.73E-44,Synapse_ExDG
MARCHF6,1.78E-48,0.328759,0.316,0.133,2.93E-44,Synapse_ExDG
MATR3,3.02E-48,0.26884689,0.297,0.124,4.97E-44,Synapse_ExDG
DPP6,7.53E-48,0.27326676,0.363,0.181,1.24E-43,Synapse_ExDG
SCN2B,2.76E-47,0.27239315,0.274,0.106,4.54E-43,Synapse_ExDG
SYT4,6.34E-47,0.31913615,0.256,0.091,1.04E-42,Synapse_ExDG
APLP2,7.91E-47,0.26344618,0.361,0.176,1.30E-42,Synapse_ExDG
POLR2A,1.06E-46,0.27167544,0.322,0.146,1.75E-42,Synapse_ExDG
RAPGEF2,2.96E-45,0.27979459,0.281,0.114,4.88E-41,Synapse_ExDG
CHL1,4.34E-45,0.31581741,0.346,0.163,7.15E-41,Synapse_ExDG
KCNB1,2.00E-44,0.26432908,0.314,0.142,3.29E-40,Synapse_ExDG
CYRIA,5.59E-44,0.36146912,0.257,0.098,9.20E-40,Synapse_ExDG
NPTN,8.93E-44,0.2999202,0.289,0.121,1.47E-39,Synapse_ExDG
PCDH19,1.02E-43,0.36650763,0.32,0.143,1.68E-39,Synapse_ExDG
TNRC6B,1.62E-43,0.37767899,0.301,0.129,2.67E-39,Synapse_ExDG
SACS,5.38E-42,0.35384975,0.269,0.108,8.86E-38,Synapse_ExDG
DCTN1,4.88E-36,0.25540125,0.254,0.108,8.04E-32,Synapse_ExDG
PRRC2C,6.68E-36,0.28663847,0.285,0.131,1.10E-31,Synapse_ExDG
TOMM20,8.88E-36,0.27648614,0.254,0.108,1.46E-31,Synapse_ExDG
ATP2B3,2.79E-33,0.31455672,0.254,0.112,4.60E-29,Synapse_ExDG
ATP6V1B2,3.08E-30,0.26980494,0.257,0.121,5.07E-26,Synapse_ExDG
SLC6A1,4.03E-151,2.60638578,0.661,0.028,6.63E-147,Synapse_In
GAD2,7.81E-136,1.80772276,0.543,0.014,1.29E-131,Synapse_In
ARL4C,2.88E-81,0.81857589,0.321,0.007,4.75E-77,Synapse_In
GAD1,8.37E-75,1.0737099,0.389,0.02,1.38E-70,Synapse_In
ERBB4,3.81E-74,1.42909059,0.516,0.058,6.27E-70,Synapse_In
TIMP2,1.15E-73,1.38398185,0.534,0.063,1.90E-69,Synapse_In
PTPRT,2.10E-69,1.48906715,0.348,0.016,3.45E-65,Synapse_In
RCAN2,4.44E-68,0.87157714,0.398,0.029,7.31E-64,Synapse_In
PLCXD3,1.05E-65,1.34389098,0.353,0.019,1.73E-61,Synapse_In
WLS,2.08E-64,0.93906671,0.308,0.013,3.42E-60,Synapse_In
KCNC2,3.22E-62,1.29779688,0.502,0.07,5.30E-58,Synapse_In
SCG2,1.94E-58,1.37757795,0.412,0.046,3.19E-54,Synapse_In
RPH3A,4.91E-55,1.30760367,0.52,0.092,8.08E-51,Synapse_In
ZNF385D,8.38E-54,0.72678557,0.258,0.011,1.38E-49,Synapse_In
SPOCK2,1.08E-47,1.41725475,0.633,0.214,1.77E-43,Synapse_In
VSTM2A,4.07E-46,0.68157887,0.303,0.026,6.70E-42,Synapse_In
RIMS3,1.09E-45,0.52950207,0.281,0.022,1.79E-41,Synapse_In
GRIA4,5.21E-45,0.83948929,0.308,0.028,8.59E-41,Synapse_In
KAZN,1.10E-44,0.70557823,0.299,0.028,1.81E-40,Synapse_In
PTPRM,6.87E-41,0.52573233,0.294,0.03,1.13E-36,Synapse_In
SV2A,3.06E-40,1.31995344,0.552,0.191,5.04E-36,Synapse_In
RAB3C,5.64E-40,1.02443576,0.656,0.225,9.29E-36,Synapse_In
CPLX1,1.57E-39,0.75325591,0.335,0.046,2.59E-35,Synapse_In
DNER,7.85E-39,0.74807199,0.339,0.048,1.29E-34,Synapse_In
SCN1A,2.07E-37,0.58565053,0.294,0.034,3.42E-33,Synapse_In
ABAT,3.07E-37,0.68581819,0.471,0.115,5.06E-33,Synapse_In
PHYHIPL,3.54E-37,0.58514457,0.299,0.039,5.82E-33,Synapse_In
CDH13,6.39E-37,0.68743704,0.258,0.024,1.05E-32,Synapse_In
KCNC1,9.19E-36,0.90031154,0.371,0.068,1.51E-31,Synapse_In
RAB3B,1.42E-33,0.99188495,0.335,0.057,2.34E-29,Synapse_In
SCRN1,2.22E-33,0.54911904,0.371,0.078,3.65E-29,Synapse_In
DNM3,4.22E-33,0.72717599,0.484,0.135,6.94E-29,Synapse_In
SLC38A1,1.13E-32,0.59686212,0.339,0.061,1.87E-28,Synapse_In
NEFH,2.24E-32,1.11296153,0.348,0.071,3.68E-28,Synapse_In
ADCYAP1R1,4.04E-32,0.6793474,0.407,0.098,6.66E-28,Synapse_In
WASF3,1.66E-31,0.38702076,0.394,0.102,2.74E-27,Synapse_In
MEF2C,8.47E-31,0.80695831,0.362,0.075,1.40E-26,Synapse_In
INPP5F,8.09E-30,0.50178734,0.371,0.085,1.33E-25,Synapse_In
ATP1A3,2.79E-29,1.01316542,0.76,0.384,4.59E-25,Synapse_In
INA,2.87E-28,0.6654456,0.389,0.098,4.73E-24,Synapse_In
SLC2A13,3.71E-28,0.59847279,0.281,0.046,6.11E-24,Synapse_In
ATCAY,1.16E-27,0.59778794,0.493,0.164,1.92E-23,Synapse_In
FGF12,1.39E-26,0.42885237,0.308,0.067,2.28E-22,Synapse_In
ENO2,1.63E-26,0.69941709,0.439,0.133,2.69E-22,Synapse_In
ALCAM,1.91E-26,0.47180238,0.267,0.046,3.14E-22,Synapse_In
SPARCL1,2.53E-26,0.8961093,0.425,0.127,4.17E-22,Synapse_In
GABRA1,3.98E-26,0.8811405,0.407,0.118,6.56E-22,Synapse_In
CANX,5.46E-26,0.57823554,0.457,0.148,8.99E-22,Synapse_In
SLC6A17,1.64E-25,0.76368105,0.466,0.155,2.70E-21,Synapse_In
NMNAT2,3.34E-25,0.75131966,0.561,0.224,5.50E-21,Synapse_In
NRXN3,3.41E-25,0.98888072,0.475,0.166,5.61E-21,Synapse_In
CNTNAP2,8.53E-25,0.84254202,0.489,0.173,1.40E-20,Synapse_In
GNAS,9.17E-25,0.66149458,0.665,0.314,1.51E-20,Synapse_In
NAP1L5,1.49E-24,0.57426304,0.312,0.07,2.45E-20,Synapse_In
NCAM1,2.23E-24,0.69683437,0.584,0.247,3.67E-20,Synapse_In
AARS1,8.05E-24,0.50923598,0.344,0.089,1.33E-19,Synapse_In
ATP8A2,1.10E-23,0.685526,0.376,0.106,1.80E-19,Synapse_In
LANCL1,1.14E-23,0.66270981,0.398,0.12,1.88E-19,Synapse_In
SYT1,2.34E-23,0.83410227,0.71,0.372,3.85E-19,Synapse_In
SNCB,3.30E-23,0.50071403,0.439,0.152,5.43E-19,Synapse_In
APLP2,5.87E-23,0.89443988,0.502,0.196,9.66E-19,Synapse_In
HSPA8,9.84E-23,0.74295101,0.57,0.246,1.62E-18,Synapse_In
ACSL6,1.47E-22,0.36332676,0.271,0.06,2.43E-18,Synapse_In
PKM,1.57E-22,0.58469131,0.543,0.228,2.58E-18,Synapse_In
GABRB2,1.84E-22,0.76210516,0.462,0.167,3.03E-18,Synapse_In
OIP5-AS1,2.11E-22,0.37344398,0.462,0.176,3.47E-18,Synapse_In
ASAP1,2.25E-22,0.30237807,0.253,0.055,3.70E-18,Synapse_In
CEND1,3.30E-22,0.51479763,0.376,0.115,5.43E-18,Synapse_In
CLSTN3,3.63E-22,0.66583673,0.457,0.165,5.98E-18,Synapse_In
ATP1B1,4.30E-22,0.91651317,0.624,0.308,7.07E-18,Synapse_In
REPS2,1.16E-21,0.38670667,0.285,0.07,1.91E-17,Synapse_In
ATP6V0A1,1.48E-21,0.64196707,0.489,0.192,2.44E-17,Synapse_In
OXR1,2.04E-21,0.4621563,0.276,0.063,3.35E-17,Synapse_In
RTN3,2.74E-21,0.49939935,0.674,0.358,4.51E-17,Synapse_In
KIF1A,3.29E-21,0.58068291,0.76,0.434,5.41E-17,Synapse_In
CADPS,4.96E-21,0.54221223,0.434,0.156,8.16E-17,Synapse_In
SNX27,7.42E-21,0.40929671,0.353,0.113,1.22E-16,Synapse_In
AAK1,9.26E-21,0.41801177,0.457,0.181,1.53E-16,Synapse_In
TMEM132B,9.31E-21,0.36811575,0.326,0.094,1.53E-16,Synapse_In
USP11,1.46E-20,0.52409572,0.416,0.148,2.41E-16,Synapse_In
HSP90AB1,2.27E-20,0.62087455,0.656,0.337,3.74E-16,Synapse_In
TPPP,2.69E-20,0.44536463,0.403,0.147,4.43E-16,Synapse_In
GAPDH,3.16E-20,0.45199883,0.679,0.363,5.20E-16,Synapse_In
SLC23A2,7.88E-20,0.60825458,0.344,0.103,1.30E-15,Synapse_In
IL6ST,1.04E-19,0.47078147,0.326,0.099,1.72E-15,Synapse_In
SYP,1.18E-19,0.72253137,0.507,0.215,1.95E-15,Synapse_In
YWHAG,1.42E-19,0.25105741,0.615,0.345,2.34E-15,Synapse_In
RAB3A,1.85E-19,0.47316635,0.452,0.184,3.05E-15,Synapse_In
KIDINS220,2.03E-19,0.47870929,0.344,0.107,3.34E-15,Synapse_In
SCN2B,2.63E-19,0.46141869,0.371,0.125,4.33E-15,Synapse_In
DIRAS1,2.99E-19,0.47457992,0.276,0.069,4.92E-15,Synapse_In
NFASC,3.04E-19,0.68395665,0.394,0.137,5.01E-15,Synapse_In
MEGF8,3.16E-19,0.54324872,0.362,0.118,5.20E-15,Synapse_In
CAMTA1,3.19E-19,0.28612204,0.362,0.125,5.25E-15,Synapse_In
NRSN2,3.99E-19,0.33383646,0.335,0.107,6.57E-15,Synapse_In
KCNA2,5.52E-19,0.68953863,0.394,0.138,9.09E-15,Synapse_In
SCD5,5.92E-19,0.33519161,0.43,0.17,9.74E-15,Synapse_In
CLSTN1,8.32E-19,0.65675985,0.588,0.289,1.37E-14,Synapse_In
KIAA1217,1.43E-18,0.44453331,0.253,0.062,2.35E-14,Synapse_In
XKR4,1.83E-18,0.4212706,0.262,0.067,3.01E-14,Synapse_In
ACSL3,2.89E-18,0.46250605,0.312,0.093,4.76E-14,Synapse_In
SLC22A17,3.24E-18,0.49604608,0.471,0.198,5.34E-14,Synapse_In
GDI1,4.15E-18,0.25959739,0.575,0.311,6.83E-14,Synapse_In
MAP3K9,4.16E-18,0.31614565,0.335,0.11,6.85E-14,Synapse_In
VSNL1,4.32E-18,0.82124991,0.412,0.156,7.12E-14,Synapse_In
PDXK,4.60E-18,0.2590013,0.303,0.101,7.57E-14,Synapse_In
ARNT2,5.41E-18,0.32683902,0.52,0.253,8.91E-14,Synapse_In
SYNJ1,5.45E-18,0.42389546,0.443,0.194,8.97E-14,Synapse_In
CLIP3,7.53E-18,0.49426717,0.624,0.328,1.24E-13,Synapse_In
DPYSL2,9.98E-18,0.43670324,0.71,0.417,1.64E-13,Synapse_In
APP,1.14E-17,0.67024107,0.602,0.308,1.88E-13,Synapse_In
KIF21A,1.25E-17,0.45724457,0.326,0.104,2.05E-13,Synapse_In
NAP1L3,1.25E-17,0.38143504,0.258,0.066,2.05E-13,Synapse_In
GOT1,1.83E-17,0.39246565,0.276,0.076,3.01E-13,Synapse_In
SEZ6L2,1.86E-17,0.63410093,0.416,0.162,3.06E-13,Synapse_In
PNMA2,1.88E-17,0.48074832,0.511,0.238,3.10E-13,Synapse_In
OPCML,2.57E-17,0.42276592,0.448,0.19,4.23E-13,Synapse_In
ATP13A2,4.02E-17,0.34567736,0.303,0.094,6.62E-13,Synapse_In
GABBR1,4.10E-17,0.49376107,0.376,0.136,6.75E-13,Synapse_In
UCHL1,4.38E-17,0.35928156,0.493,0.239,7.21E-13,Synapse_In
CACNG7,4.66E-17,0.41863868,0.29,0.087,7.67E-13,Synapse_In
GABBR2,5.49E-17,0.59730656,0.466,0.202,9.04E-13,Synapse_In
ANK2,5.71E-17,0.3471783,0.688,0.415,9.40E-13,Synapse_In
MYO5A,5.94E-17,0.37955386,0.548,0.277,9.79E-13,Synapse_In
GRIA1,6.80E-17,0.50279662,0.543,0.268,1.12E-12,Synapse_In
NDRG4,8.66E-17,0.56694849,0.633,0.345,1.43E-12,Synapse_In
CLTC,8.92E-17,0.50628558,0.462,0.203,1.47E-12,Synapse_In
FAIM2,9.67E-17,0.7124955,0.62,0.339,1.59E-12,Synapse_In
RTN4,9.94E-17,0.27068589,0.561,0.309,1.64E-12,Synapse_In
RAB6A,1.16E-16,0.29037841,0.43,0.195,1.90E-12,Synapse_In
CD99L2,1.55E-16,0.31112067,0.281,0.083,2.55E-12,Synapse_In
TCF4,1.92E-16,0.33595146,0.443,0.193,3.17E-12,Synapse_In
ANKRD52,2.37E-16,0.41404173,0.262,0.073,3.91E-12,Synapse_In
NSG2,4.13E-16,0.46840815,0.407,0.167,6.80E-12,Synapse_In
ROBO2,4.49E-16,0.52729889,0.253,0.069,7.39E-12,Synapse_In
SPTAN1,5.84E-16,0.30507002,0.543,0.286,9.61E-12,Synapse_In
CDS2,8.93E-16,0.48288616,0.416,0.175,1.47E-11,Synapse_In
THY1,9.30E-16,0.47099615,0.543,0.284,1.53E-11,Synapse_In
PNMA8A,1.67E-15,0.28145496,0.312,0.108,2.76E-11,Synapse_In
LARP1,1.87E-15,0.31758401,0.489,0.245,3.07E-11,Synapse_In
SCG3,2.09E-15,0.32343297,0.317,0.112,3.44E-11,Synapse_In
REEP2,2.09E-15,0.40415309,0.271,0.084,3.44E-11,Synapse_In
PSAP,2.23E-15,0.40284887,0.507,0.26,3.67E-11,Synapse_In
KIF3A,2.24E-15,0.32858945,0.344,0.13,3.68E-11,Synapse_In
ATP6V1B2,2.44E-15,0.36823871,0.353,0.136,4.01E-11,Synapse_In
MAP1LC3B,2.68E-15,0.40955383,0.262,0.078,4.41E-11,Synapse_In
PTPRD,3.20E-15,0.36404446,0.258,0.08,5.26E-11,Synapse_In
MAPT,3.66E-15,0.37461371,0.48,0.236,6.03E-11,Synapse_In
SYNGR1,4.89E-15,0.33660344,0.434,0.201,8.05E-11,Synapse_In
PRKAR1B,5.53E-15,0.30592589,0.398,0.173,9.11E-11,Synapse_In
LRRC8B,6.29E-15,0.41709584,0.312,0.109,1.04E-10,Synapse_In
ATP2A2,6.30E-15,0.46443663,0.543,0.292,1.04E-10,Synapse_In
HSP90AA1,8.28E-15,0.55646814,0.57,0.304,1.36E-10,Synapse_In
GABRG2,9.58E-15,0.29702921,0.344,0.135,1.58E-10,Synapse_In
CAND1,9.85E-15,0.36806739,0.285,0.094,1.62E-10,Synapse_In
AP2A1,1.04E-14,0.33104782,0.271,0.086,1.72E-10,Synapse_In
SLC12A5,1.07E-14,0.36100386,0.376,0.155,1.77E-10,Synapse_In
SARAF,1.26E-14,0.30726332,0.385,0.164,2.08E-10,Synapse_In
TMEM130,1.32E-14,0.27650813,0.507,0.277,2.17E-10,Synapse_In
CNTNAP1,1.49E-14,0.32929724,0.367,0.152,2.45E-10,Synapse_In
SMARCA2,1.84E-14,0.3345733,0.262,0.084,3.03E-10,Synapse_In
MAGED1,2.41E-14,0.33336562,0.335,0.127,3.97E-10,Synapse_In
CS,2.63E-14,0.30381287,0.271,0.089,4.32E-10,Synapse_In
EIF4G3,3.37E-14,0.25274564,0.371,0.16,5.55E-10,Synapse_In
SYT11,3.68E-14,0.5232796,0.538,0.282,6.06E-10,Synapse_In
DYNC1H1,4.07E-14,0.39956195,0.566,0.31,6.70E-10,Synapse_In
PRKAR1A,4.09E-14,0.48253249,0.353,0.14,6.74E-10,Synapse_In
L1CAM,4.14E-14,0.32066172,0.308,0.111,6.82E-10,Synapse_In
STMN2,4.42E-14,0.25242051,0.462,0.236,7.28E-10,Synapse_In
REEP5,4.67E-14,0.5056483,0.317,0.115,7.70E-10,Synapse_In
GRIN1,6.52E-14,0.58058259,0.484,0.238,1.07E-09,Synapse_In
NDUFS1,6.56E-14,0.30572353,0.362,0.154,1.08E-09,Synapse_In
PITPNA,6.57E-14,0.35397535,0.299,0.105,1.08E-09,Synapse_In
UBC,7.91E-14,0.26443864,0.367,0.161,1.30E-09,Synapse_In
PLD3,8.21E-14,0.38473284,0.457,0.23,1.35E-09,Synapse_In
SERINC1,9.40E-14,0.40221038,0.407,0.182,1.55E-09,Synapse_In
RBFOX2,1.03E-13,0.26407858,0.357,0.155,1.69E-09,Synapse_In
PTPRN,1.28E-13,0.32416654,0.407,0.19,2.11E-09,Synapse_In
UBA1,1.58E-13,0.25482668,0.303,0.116,2.61E-09,Synapse_In
NCOA2,1.98E-13,0.30213098,0.276,0.097,3.26E-09,Synapse_In
PRNP,2.42E-13,0.52583027,0.398,0.177,3.99E-09,Synapse_In
ATP5F1B,3.15E-13,0.29140601,0.321,0.127,5.19E-09,Synapse_In
DKK3,4.03E-13,0.31604189,0.448,0.238,6.64E-09,Synapse_In
HSPA12A,4.79E-13,0.32875779,0.344,0.144,7.89E-09,Synapse_In
NDFIP1,5.07E-13,0.55236443,0.362,0.152,8.34E-09,Synapse_In
NSF,5.32E-13,0.38024069,0.475,0.252,8.76E-09,Synapse_In
CLVS2,5.35E-13,0.35972276,0.271,0.095,8.81E-09,Synapse_In
RASGRF2,7.66E-13,0.2583214,0.312,0.126,1.26E-08,Synapse_In
ASTN1,8.04E-13,0.33634711,0.398,0.188,1.32E-08,Synapse_In
RTN1,8.69E-13,0.27771608,0.493,0.27,1.43E-08,Synapse_In
CADM3,9.98E-13,0.34800835,0.448,0.231,1.64E-08,Synapse_In
PCLO,1.02E-12,0.48174058,0.584,0.341,1.67E-08,Synapse_In
TMX4,1.30E-12,0.35758003,0.308,0.121,2.13E-08,Synapse_In
CNTN1,1.46E-12,0.44535612,0.462,0.235,2.41E-08,Synapse_In
PLEKHB2,1.51E-12,0.28873896,0.321,0.132,2.48E-08,Synapse_In
DNAJC5,1.68E-12,0.35083842,0.321,0.131,2.77E-08,Synapse_In
EPHA6,2.27E-12,0.38643548,0.253,0.087,3.73E-08,Synapse_In
AP3D1,2.96E-12,0.27978002,0.294,0.116,4.87E-08,Synapse_In
HK1,6.56E-12,0.25234086,0.29,0.115,1.08E-07,Synapse_In
TMEM59L,1.53E-11,0.34766139,0.371,0.174,2.52E-07,Synapse_In
PDE3A,1.85E-11,0.28477578,0.326,0.148,3.05E-07,Synapse_In
DDX24,2.27E-11,0.30472148,0.29,0.116,3.73E-07,Synapse_In
KCTD12,2.86E-11,0.36810126,0.281,0.108,4.71E-07,Synapse_In
ARHGEF11,3.20E-11,0.32691924,0.262,0.102,5.27E-07,Synapse_In
ATRNL1,3.28E-11,0.33988964,0.326,0.144,5.40E-07,Synapse_In
CAMSAP2,3.40E-11,0.29094615,0.362,0.174,5.59E-07,Synapse_In
PRKDC,4.17E-11,0.32103327,0.276,0.109,6.86E-07,Synapse_In
ATP6V1A,5.44E-11,0.28860497,0.357,0.167,8.96E-07,Synapse_In
CLU,5.88E-11,0.2672271,0.548,0.325,9.68E-07,Synapse_In
ATP2B3,5.96E-11,0.33375855,0.303,0.129,9.82E-07,Synapse_In
DNM1,9.41E-11,0.31652082,0.462,0.257,1.55E-06,Synapse_In
SYT13,9.46E-11,0.27872127,0.285,0.118,1.56E-06,Synapse_In
TIAM1,1.28E-10,0.27460227,0.281,0.123,2.10E-06,Synapse_In
MAP1B,1.42E-10,0.33827999,0.932,0.763,2.34E-06,Synapse_In
PI4KA,1.43E-10,0.27912195,0.421,0.232,2.36E-06,Synapse_In
NRCAM,1.46E-10,0.30645118,0.443,0.244,2.41E-06,Synapse_In
AKAP6,1.93E-10,0.25062345,0.321,0.148,3.18E-06,Synapse_In
CTSB,1.94E-10,0.27326698,0.294,0.125,3.19E-06,Synapse_In
ANKH,4.95E-10,0.26610615,0.258,0.109,8.16E-06,Synapse_In
TSPYL1,3.88E-09,0.27236315,0.38,0.206,6.39E-05,Synapse_In
SACS,1.14E-08,0.34158339,0.285,0.129,0.00018764,Synapse_In
ADGRL1,1.22E-08,0.25342852,0.357,0.192,0.00020131,Synapse_In
SLC24A2,4.43E-08,0.58426036,0.403,0.231,0.00072911,Synapse_In
PIANP,6.37E-08,0.26456753,0.335,0.179,0.00104806,Synapse_In
CHL1,8.00E-08,0.45034905,0.353,0.187,0.00131663,Synapse_In
GNG2,0.00012308,0.26073559,0.271,0.162,1,Synapse_In
MAP2,3.00E-252,1.15100367,0.77,0.694,4.94E-248,LO-synapse
MTCO1P12,8.35E-223,1.095784,0.71,0.573,1.37E-218,LO-synapse
MTRNR2L12,4.47E-215,1.07839518,0.757,0.637,7.36E-211,LO-synapse
CAMK2A,3.04E-172,0.76666828,0.774,0.744,5.01E-168,LO-synapse
SYT3,1.13E-168,1.18591284,0.464,0.373,1.87E-164,LO-synapse
MTND4P12,2.50E-166,1.03325961,0.547,0.431,4.12E-162,LO-synapse
IDS,1.75E-165,0.73628789,0.794,0.78,2.88E-161,LO-synapse
MAP1A,3.57E-165,0.86207062,0.73,0.696,5.88E-161,LO-synapse
NSMF,1.23E-161,1.0498109,0.466,0.384,2.02E-157,LO-synapse
KIF5C-AS1,1.45E-159,0.93879401,0.621,0.525,2.39E-155,LO-synapse
MTCO3P12,5.31E-158,0.93609619,0.574,0.483,8.75E-154,LO-synapse
FBXL16,5.24E-156,0.92867937,0.48,0.438,8.63E-152,LO-synapse
CPLX2,8.92E-145,0.69394647,0.684,0.678,1.47E-140,LO-synapse
NCS1,4.86E-139,0.79476181,0.498,0.476,8.01E-135,LO-synapse
DHFR,1.53E-138,0.930086,0.497,0.397,2.53E-134,LO-synapse
AGAP2,2.10E-137,0.8425145,0.384,0.367,3.46E-133,LO-synapse
SLC25A23,1.31E-131,0.78061958,0.451,0.443,2.16E-127,LO-synapse
CALM1,3.76E-123,0.58044214,0.844,0.839,6.18E-119,LO-synapse
KIF5C,6.33E-120,0.26014294,0.193,0.326,1.04E-115,LO-synapse
PACSIN1,9.73E-118,0.54267689,0.259,0.34,1.60E-113,LO-synapse
SEPTIN3,3.10E-117,0.33326457,0.35,0.465,5.11E-113,LO-synapse
KCNAB2,8.05E-117,0.44575637,0.224,0.321,1.33E-112,LO-synapse
JPH4,1.83E-115,0.59527078,0.288,0.344,3.02E-111,LO-synapse
DGKZ,4.15E-114,0.5790424,0.204,0.258,6.83E-110,LO-synapse
STX1B,3.43E-113,0.32280106,0.179,0.288,5.64E-109,LO-synapse
DLG4,1.30E-112,0.49202606,0.279,0.349,2.14E-108,LO-synapse
HPCA,1.34E-112,0.33874657,0.217,0.32,2.20E-108,LO-synapse
SYNPO,5.06E-112,0.75766392,0.324,0.32,8.32E-108,LO-synapse
SPTBN1,4.61E-108,0.30775211,0.397,0.514,7.59E-104,LO-synapse
TTC3,7.86E-108,0.31463346,0.219,0.329,1.29E-103,LO-synapse
B3GAT1,1.62E-107,0.566041,0.239,0.303,2.66E-103,LO-synapse
AL162581.1,3.41E-105,0.4829212,0.589,0.617,5.61E-101,LO-synapse
ARHGAP35,6.86E-105,0.28352787,0.156,0.269,1.13E-100,LO-synapse
NRGN,1.35E-104,0.28434856,0.303,0.408,2.22E-100,LO-synapse
CAMK2N1,8.02E-103,0.41848399,0.374,0.457,1.32E-98,LO-synapse
DMTN,3.85E-101,0.30830458,0.159,0.255,6.34E-97,LO-synapse
PPP1R9B,4.72E-100,0.77244545,0.258,0.253,7.77E-96,LO-synapse
EPB41L1,9.15E-100,0.39919813,0.245,0.338,1.51E-95,LO-synapse
NUDT3,1.54E-98,0.32536581,0.229,0.338,2.54E-94,LO-synapse
CAMTA2,1.67E-98,0.50309411,0.184,0.256,2.75E-94,LO-synapse
NCOR2,6.29E-98,0.34437791,0.195,0.297,1.04E-93,LO-synapse
TLE5,8.73E-97,0.45126388,0.193,0.262,1.44E-92,LO-synapse
C14orf132,5.93E-94,0.38207297,0.165,0.252,9.76E-90,LO-synapse
DLG2,6.66E-94,0.44234235,0.235,0.311,1.10E-89,LO-synapse
EEF2,5.42E-93,0.53896665,0.213,0.262,8.93E-89,LO-synapse
HPCAL4,4.35E-92,0.27038426,0.167,0.266,7.17E-88,LO-synapse
MTCO2P12,1.99E-89,0.87188308,0.273,0.204,3.28E-85,LO-synapse
PRKCB,9.66E-87,0.5686311,0.244,0.283,1.59E-82,LO-synapse
WIPF3,6.06E-80,0.30283188,0.179,0.265,9.98E-76,LO-synapse
FTH1,3.75E-72,0.35877912,0.234,0.287,6.18E-68,LO-synapse
KCNIP4,3.70E-98,2.66690453,0.573,0.078,6.10E-94,N-synapse
CSMD1,1.18E-55,2.18575695,0.431,0.101,1.95E-51,N-synapse
NRG3,1.68E-51,1.97124586,0.418,0.082,2.77E-47,N-synapse
MALAT1,8.92E-49,1.71610727,0.4,0.057,1.47E-44,N-synapse
OPCML,6.78E-37,1.61204931,0.431,0.191,1.12E-32,N-synapse
LRP1B,3.04E-30,1.50362559,0.316,0.088,5.01E-26,N-synapse
FAM155A,1.35E-29,1.43264519,0.338,0.097,2.23E-25,N-synapse
MEG3,1.29E-28,1.19267937,0.316,0.068,2.12E-24,N-synapse
LSAMP,4.72E-28,1.26187174,0.587,0.325,7.78E-24,N-synapse
FRMD4A,7.99E-26,1.50633435,0.293,0.069,1.32E-21,N-synapse
NKAIN2,8.12E-26,1.35824598,0.271,0.06,1.34E-21,N-synapse
PDE4D,1.82E-25,1.23447861,0.262,0.058,2.99E-21,N-synapse
HS6ST3,1.27E-24,1.382913,0.258,0.071,2.09E-20,N-synapse
CNTNAP2,3.57E-23,1.41818431,0.396,0.176,5.88E-19,N-synapse
DLG2,6.42E-23,1.215129,0.516,0.279,1.06E-18,N-synapse
SNHG14,2.19E-22,1.36445372,0.333,0.112,3.60E-18,N-synapse
DAB1,6.21E-21,1.1476834,0.267,0.08,1.02E-16,N-synapse
NRXN3,1.17E-19,1.16437313,0.356,0.17,1.92E-15,N-synapse
CADM2,7.00E-17,1.0400618,0.44,0.258,1.15E-12,N-synapse
DLGAP1,1.45E-16,1.0724586,0.404,0.242,2.39E-12,N-synapse
ANKS1B,9.42E-16,1.10166547,0.382,0.238,1.55E-11,N-synapse
PCDH9,9.49E-16,1.02125573,0.396,0.196,1.56E-11,N-synapse
RBFOX1,1.68E-14,1.10734894,0.378,0.283,2.77E-10,N-synapse
GRIA1,3.18E-10,0.7637011,0.369,0.274,5.24E-06,N-synapse
NRXN1,3.12E-07,0.79463527,0.316,0.252,0.00513189,N-synapse
DOCK4,3.66E-07,0.64847246,0.253,0.172,0.00602189,N-synapse
RYR2,3.05E-06,0.60143048,0.267,0.191,0.05027064,N-synapse
PLCB1,3.33E-06,0.79742417,0.262,0.192,0.05490381,N-synapse
STXBP5L,6.34E-06,0.74911299,0.253,0.157,0.10434895,N-synapse
PRKCE,2.98E-05,0.54272486,0.262,0.204,0.48983554,N-synapse
CTNND2,5.24E-05,0.56001435,0.311,0.211,0.86338949,N-synapse
CELF2,0.0001269,0.46646725,0.378,0.293,1,N-synapse
PHACTR1,0.00047732,0.41538824,0.258,0.17,1,N-synapse
AL162581.1,0.00047885,0.25905267,0.693,0.605,1,N-synapse
PTPRN2,0.00070473,0.46548206,0.276,0.209,1,N-synapse
PLP1,9.49E-181,3.77707083,0.906,0.105,1.56E-176,ODCjunction1
CNP,2.12E-88,2.73035006,0.583,0.067,3.48E-84,ODCjunction1
CNTN2,1.24E-46,1.7412399,0.328,0.033,2.05E-42,ODCjunction1
SOX2-OT,6.72E-35,1.74598095,0.333,0.045,1.11E-30,ODCjunction1
CRYAB,1.04E-33,1.4944577,0.306,0.038,1.71E-29,ODCjunction1
QKI,6.54E-29,1.63111381,0.4,0.095,1.08E-24,ODCjunction1
PIP4K2A,8.91E-29,1.61766041,0.272,0.046,1.47E-24,ODCjunction1
SCD,6.73E-28,1.52700179,0.439,0.118,1.11E-23,ODCjunction1
ABCA2,1.24E-22,1.35164227,0.394,0.169,2.05E-18,ODCjunction1
CSRP1,4.57E-20,1.32621062,0.272,0.057,7.53E-16,ODCjunction1
MBP,8.87E-19,1.04395211,0.728,0.438,1.46E-14,ODCjunction1
GPRC5B,3.92E-17,1.19251579,0.3,0.092,6.45E-13,ODCjunction1
TUBB4A,5.85E-14,0.90675868,0.556,0.402,9.63E-10,ODCjunction1
DPYSL2,6.26E-13,0.93010379,0.533,0.423,1.03E-08,ODCjunction1
PLEKHB1,4.30E-11,0.89570188,0.3,0.11,7.08E-07,ODCjunction1
GLUL,6.61E-09,0.82433298,0.267,0.104,0.00010889,ODCjunction1
TUBA1A,5.30E-08,0.7467519,0.322,0.228,0.00087231,ODCjunction1
PCDH9,8.49E-08,0.89251987,0.294,0.2,0.00139728,ODCjunction1
APLP1,1.51E-07,0.76379175,0.378,0.269,0.00249126,ODCjunction1
GPM6B,2.42E-06,0.63888606,0.367,0.275,0.03986873,ODCjunction1
EDIL3,2.44E-06,0.59262885,0.25,0.201,0.04009632,ODCjunction1
TRIM2,8.62E-06,0.47753323,0.283,0.267,0.14193538,ODCjunction1
DST,1.39E-05,0.64102365,0.278,0.254,0.22945449,ODCjunction1
GNAO1,2.11E-05,0.48738486,0.344,0.317,0.34771295,ODCjunction1
NCAM1,2.28E-05,0.54880119,0.289,0.257,0.37607175,ODCjunction1
WNK1,9.42E-05,0.54226012,0.328,0.247,1,ODCjunction1
NFIX,0.00042498,0.42813326,0.339,0.318,1,ODCjunction1
AL162581.1,0.00048239,0.48624838,0.644,0.607,1,ODCjunction1
USP22,0.00110177,0.26034337,0.206,0.256,1,ODCjunction1
GAS7,0.00224306,0.26795094,0.278,0.295,1,ODCjunction1
FTH1,0.00390206,0.44733057,0.333,0.268,1,ODCjunction1
KIF1B,0.00399842,0.28593036,0.3,0.309,1,ODCjunction1
PEA15,0.0044408,0.31220762,0.389,0.359,1,ODCjunction1
RTN4,0.0044475,0.27673728,0.333,0.316,1,ODCjunction1
ARHGAP21,0.00501166,0.43004903,0.289,0.239,1,ODCjunction1
MBP,0,3.15707612,0.992,0.396,0,ODCjunction2
MOBP,4.26E-92,1.94393649,0.306,0.048,7.02E-88,ODCjunction2
TP53INP2,3.17E-53,1.55306351,0.284,0.093,5.22E-49,ODCjunction2
HIPK2,1.40E-44,1.2119474,0.474,0.24,2.31E-40,ODCjunction2
AL162581.1,3.68E-28,0.44090239,0.604,0.609,6.06E-24,ODCjunction2
MTURN,4.26E-27,0.88509726,0.277,0.212,7.01E-23,ODCjunction2
WNK1,7.44E-24,0.7121449,0.257,0.248,1.22E-19,ODCjunction2
PLP1,1.01E-18,0.67962502,0.252,0.114,1.66E-14,ODCjunction2
KIF5C-AS1,1.89E-18,0.25905417,0.516,0.559,3.11E-14,ODCjunction2
CADM2,4.07E-18,0.4060929,0.225,0.267,6.70E-14,ODCjunction2
MAP4,4.77E-18,0.33224934,0.247,0.298,7.85E-14,ODCjunction2
RNU4-2,1.55E-15,0.39439262,0.235,0.258,2.55E-11,ODCjunction2
SPOCK1,1.88E-15,0.40581577,0.247,0.267,3.09E-11,ODCjunction2
HIPK2,0,3.21360109,0.993,0.214,0,ODCjunction3
AL162581.1,9.95E-20,0.44016766,0.599,0.609,1.64E-15,ODCjunction3
SLC25A23,1.70E-19,0.58503213,0.44,0.446,2.80E-15,ODCjunction3
MTCO1P12,2.50E-19,0.51166805,0.655,0.613,4.11E-15,ODCjunction3
EPB41L1,2.56E-19,0.4215598,0.251,0.313,4.21E-15,ODCjunction3
CPLX2,2.69E-19,0.25770456,0.591,0.685,4.42E-15,ODCjunction3
NCS1,1.27E-17,0.46835506,0.467,0.484,2.09E-13,ODCjunction3
NCOR2,5.01E-17,0.49609246,0.217,0.268,8.25E-13,ODCjunction3
SPTBN1,5.77E-17,0.25077122,0.394,0.483,9.51E-13,ODCjunction3
GPM6B,7.46E-17,0.45084817,0.238,0.28,1.23E-12,ODCjunction3
KIF5C-AS1,9.03E-17,0.51878707,0.579,0.554,1.49E-12,ODCjunction3
JPH4,4.49E-16,0.30030832,0.255,0.331,7.39E-12,ODCjunction3
FBXL16,5.11E-16,0.44189456,0.443,0.451,8.41E-12,ODCjunction3
MTND4P12,1.28E-15,0.54344,0.504,0.465,2.10E-11,ODCjunction3
MBP,2.17E-15,0.55533713,0.586,0.437,3.57E-11,ODCjunction3
IDS,5.30E-15,0.3853932,0.779,0.785,8.73E-11,ODCjunction3
CAMK2N1,5.71E-15,0.36098675,0.392,0.434,9.40E-11,ODCjunction3
NUDT3,6.05E-15,0.33048277,0.241,0.308,9.95E-11,ODCjunction3
MTRNR2L12,1.16E-14,0.35565389,0.679,0.675,1.91E-10,ODCjunction3
FAM107A,1.89E-14,0.64193889,0.358,0.293,3.11E-10,ODCjunction3
SYT3,2.05E-14,0.45491287,0.404,0.402,3.37E-10,ODCjunction3
NSMF,2.23E-14,0.32206536,0.353,0.413,3.67E-10,ODCjunction3
GFAP,2.23E-14,0.63870423,0.455,0.338,3.68E-10,ODCjunction3
CAMK2A,1.41E-13,0.31017355,0.723,0.755,2.32E-09,ODCjunction3
MTCO3P12,4.94E-13,0.39361957,0.518,0.511,8.14E-09,ODCjunction3
SYNPO,7.91E-13,0.31660163,0.273,0.324,1.30E-08,ODCjunction3
MAP4,8.67E-13,0.33150247,0.258,0.296,1.43E-08,ODCjunction3
DHFR,1.50E-10,0.32904715,0.418,0.429,2.47E-06,ODCjunction3
NTRK2,4.33E-10,0.36253661,0.277,0.293,7.13E-06,ODCjunction3
MTND2P28,1.55E-09,0.58280532,0.26,0.199,2.55E-05,ODCjunction3
FTH1,7.70E-09,0.29203807,0.258,0.271,0.00012673,ODCjunction3
CST3,1.03E-07,0.57903491,0.26,0.187,0.0016899,ODCjunction3
SLC1A2,1.15E-301,2.8641787,0.923,0.447,1.89E-297,ASCjunction1
ATP1A2,2.37E-139,2.41895002,0.535,0.097,3.90E-135,ASCjunction1
CLU,4.26E-106,1.90226185,0.628,0.312,7.01E-102,ASCjunction1
NTRK2,1.97E-103,1.93739923,0.61,0.27,3.24E-99,ASCjunction1
SLC1A3,2.79E-88,1.94022509,0.366,0.053,4.60E-84,ASCjunction1
ATP1B2,4.52E-87,2.06189237,0.467,0.142,7.45E-83,ASCjunction1
AQP4,5.82E-69,1.69336104,0.339,0.062,9.57E-65,ASCjunction1
SPARCL1,7.56E-53,1.61631907,0.348,0.122,1.24E-48,ASCjunction1
CST3,1.54E-41,1.32512409,0.414,0.176,2.53E-37,ASCjunction1
GLUL,5.75E-40,1.38634934,0.311,0.094,9.47E-36,ASCjunction1
CPE,6.98E-19,0.732216,0.264,0.214,1.15E-14,ASCjunction1
GPM6B,3.43E-16,0.61259505,0.284,0.277,5.65E-12,ASCjunction1
NDRG2,5.24E-12,0.70911802,0.284,0.161,8.63E-08,ASCjunction1
AL162581.1,2.70E-11,0.32580011,0.637,0.606,4.44E-07,ASCjunction1
DST,4.29E-11,0.32236035,0.196,0.259,7.07E-07,ASCjunction1
ATN1,4.98E-11,0.3854307,0.233,0.258,8.20E-07,ASCjunction1
NFIX,1.45E-10,0.36230906,0.297,0.32,2.39E-06,ASCjunction1
NCS1,3.62E-09,0.28189698,0.467,0.484,5.96E-05,ASCjunction1
MTCO3P12,9.49E-09,0.28347092,0.533,0.51,0.00015619,ASCjunction1
PEA15,6.54E-08,0.28415133,0.344,0.361,0.00107714,ASCjunction1
FTH1,9.65E-08,0.3449059,0.264,0.271,0.00158852,ASCjunction1
RNU4-2,9.87E-07,0.26871986,0.216,0.259,0.01625088,ASCjunction1
DHFR,1.08E-06,0.26098902,0.456,0.427,0.01771794,ASCjunction1
GFAP,8.78E-279,3.10446465,0.864,0.312,1.45E-274,ASCjunction2
AHNAK,1.08E-115,2.54940986,0.407,0.064,1.77E-111,ASCjunction2
FAM107A,4.23E-55,1.57115798,0.482,0.285,6.96E-51,ASCjunction2
KIF5A,1.06E-26,0.86581786,0.307,0.295,1.75E-22,ASCjunction2
SPTBN1,9.87E-23,0.4046789,0.407,0.482,1.62E-18,ASCjunction2
KIF1B,1.12E-21,0.52183388,0.244,0.313,1.84E-17,ASCjunction2
CST3,1.67E-17,0.90560811,0.321,0.183,2.76E-13,ASCjunction2
PEA15,2.78E-17,0.48026275,0.335,0.362,4.58E-13,ASCjunction2
AL162581.1,2.33E-15,0.40920983,0.614,0.608,3.84E-11,ASCjunction2
CLU,4.51E-15,0.5602658,0.323,0.333,7.42E-11,ASCjunction2
MTRNR2L12,7.30E-15,0.38610201,0.698,0.673,1.20E-10,ASCjunction2
MTCO3P12,3.65E-14,0.44193358,0.515,0.511,6.01E-10,ASCjunction2
MAP4,8.91E-14,0.33981306,0.248,0.297,1.47E-09,ASCjunction2
NTRK2,1.02E-13,0.60057961,0.309,0.291,1.68E-09,ASCjunction2
GPM6B,3.60E-13,0.42889153,0.272,0.278,5.93E-09,ASCjunction2
WNK1,7.92E-13,0.40489978,0.204,0.252,1.30E-08,ASCjunction2
FTH1,1.66E-10,0.34069213,0.248,0.272,2.74E-06,ASCjunction2
DHFR,2.54E-09,0.31722249,0.422,0.429,4.19E-05,ASCjunction2
RNU4-2,1.02E-08,0.28974538,0.244,0.257,0.00016743,ASCjunction2
HIPK2,7.72E-08,0.59308583,0.33,0.255,0.00127102,ASCjunction2
