Gene,p_val,avg_logFC,pct.1,pct.2,Cluster ID,,
ARHGAP24,1.43E-25,0.478808167,0.735,0.622,MG0,,
FRMD4A,2.77E-24,0.310184185,0.914,0.868,MG0,,
CD83,7.96E-21,0.897854707,0.342,0.223,MG0,,
AC008697.1,5.13E-20,0.750476483,0.393,0.278,MG0,,
GRID2,4.66E-18,1.178605317,0.254,0.157,MG0,,
DLEU7,4.04E-17,0.739525504,0.296,0.193,MG0,,
FAM118A,2.67E-16,0.966442662,0.148,0.072,MG0,,
ST6GALNAC3,9.84E-16,0.333750172,0.757,0.664,MG0,,
MEF2C,9.52E-15,0.408270114,0.669,0.609,MG0,,
RP11-40A8.3,1.92E-14,0.667962177,0.255,0.163,MG0,,
SYNDIG1,6.20E-13,0.461644968,0.502,0.425,MG0,,
NR4A2,1.02E-12,0.983686921,0.14,0.076,MG0,,
RP11-93L9.1,9.91E-11,0.731172704,0.172,0.105,MG0,,
EGR3,1.17E-10,0.78862001,0.136,0.077,MG0,,
CX3CR1,5.01E-09,0.736784327,0.141,0.085,MG0,,
TRA2B,1.22E-08,0.610432255,0.177,0.118,MG0,,
ADAMTSL4-AS1,3.48E-08,0.705146807,0.121,0.073,MG0,,
RP11-115J23.1,3.49E-08,0.555259804,0.238,0.173,MG0,,
SKIL,4.21E-08,0.559614179,0.25,0.189,MG0,,
PABPC1,5.03E-08,0.601424363,0.248,0.188,MG0,,
HNRNPA2B1,1.29E-07,0.519516807,0.346,0.29,MG0,,
RP11-152P17.2,1.67E-07,0.664533789,0.127,0.08,MG0,,
ELMO1,1.88E-07,0.267964749,0.799,0.801,MG0,,
ITPR2,2.99E-07,0.253657458,0.59,0.544,MG0,,
NFKBID,3.48E-07,0.627875036,0.129,0.083,MG0,,
CARD11,3.58E-07,0.520519757,0.196,0.14,MG0,,
PRDM11,3.63E-07,0.531868534,0.11,0.066,MG0,,
RP11-480C22.1,3.67E-07,0.524552592,0.189,0.133,MG0,,
TPM3,3.85E-07,0.600243214,0.158,0.107,MG0,,
LPCAT2,7.77E-07,0.406909886,0.398,0.346,MG0,,
RP11-557H15.4,2.57E-06,0.635495968,0.201,0.153,MG0,,
FOXP2,6.35E-06,0.322393387,0.435,0.39,MG0,,
PTPN14,6.95E-06,0.524761583,0.107,0.068,MG0,,
PIAS1,1.71E-05,0.426515131,0.334,0.29,MG0,,
PTPRM,1.86E-05,0.535646643,0.121,0.082,MG0,,
NR4A3,1.90E-05,0.635697328,0.133,0.093,MG0,,
SLC4A7,2.93E-05,0.40934605,0.34,0.303,MG0,,
ANKRD22,4.29E-05,0.451907557,0.105,0.07,MG0,,
TSC22D2,5.35E-05,0.408166037,0.254,0.211,MG0,,
SYAP1,8.50E-05,0.845743197,0.139,0.102,MG0,,
TMEM156,0.000273023,0.428363266,0.257,0.22,MG0,,
LAPTM5,0.000563413,0.415841751,0.128,0.097,MG0,,
IVNS1ABP,0.000579761,0.567188575,0.108,0.079,MG0,,
TLN2,0.000661525,0.359605313,0.289,0.256,MG0,,
APPL2,0.000726416,0.361691062,0.232,0.198,MG0,,
OLR1,0.00079176,0.271450354,0.281,0.241,MG0,,
CD74,0.000987662,0.426678177,0.209,0.176,MG0,,
ELF1,0.001027883,0.365225303,0.307,0.28,MG0,,
DAGLB,0.00108861,0.447864284,0.205,0.173,MG0,,
PLA2G4A,0.001172806,0.428678864,0.265,0.232,MG0,,
VASH1,0.001245839,0.44798819,0.194,0.162,MG0,,
SLC11A1,0.001500161,0.435817648,0.31,0.282,MG0,,
ADAM28,0.001885821,0.346713288,0.21,0.179,MG0,,
MARCH3,0.002965893,0.320119522,0.18,0.15,MG0,,
RASGEF1C,0.002966095,0.257219045,0.338,0.31,MG0,,
CCNH,0.003936852,0.430688411,0.121,0.095,MG0,,
RILPL2,0.004748544,0.380359757,0.109,0.085,MG0,,
PCNX2,0.004901019,0.363527358,0.261,0.237,MG0,,
CLEC7A,0.005070414,0.412779387,0.126,0.101,MG0,,
B4GALT1,0.005157813,0.357432676,0.217,0.188,MG0,,
RP11-437L7.2,0.00531102,0.441124937,0.126,0.102,MG0,,
SPTLC3,0.005371628,0.475990517,0.1,0.077,MG0,,
NLRP3,0.005486713,0.327583479,0.139,0.112,MG0,,
SRGN,0.007834696,0.375727962,0.423,0.416,MG0,,
TM9SF3,0.009051422,0.448747266,0.13,0.107,MG0,,
ATP13A3,0.009920526,0.317402642,0.152,0.127,MG0,,
RB1,0.012087367,0.302926539,0.189,0.165,MG0,,
TBC1D4,0.01287184,0.305565836,0.223,0.199,MG0,,
RP5-1031D4.2,0.013841006,0.339146188,0.147,0.123,MG0,,
CCNL1,0.015817875,0.393239385,0.144,0.123,MG0,,
SLC22A23,0.019440472,0.463740832,0.123,0.104,MG0,,
TOP1,0.021198262,0.385520543,0.164,0.143,MG0,,
MIS18BP1,0.026277016,0.351835823,0.222,0.203,MG0,,
RAP1A,0.029046334,0.260096481,0.294,0.279,MG0,,
SYK,0.029571137,0.263729685,0.269,0.253,MG0,,
ATP2C1,0.029700094,0.340698585,0.215,0.195,MG0,,
KLF7,0.029902781,0.416110871,0.205,0.19,MG0,,
KLHL5,0.030158827,0.325651562,0.186,0.166,MG0,,
PARK2,0.031772349,0.283693881,0.262,0.244,MG0,,
CH17-437K3.1,0.032204183,0.343649343,0.181,0.161,MG0,,
RPS6KA3,0.033043854,0.325622597,0.234,0.216,MG0,,
NHSL1,0.034792303,0.318403336,0.402,0.399,MG0,,
CREM,0.035249325,0.346421037,0.116,0.098,MG0,,
FBXO11,0.035471941,0.280473604,0.244,0.226,MG0,,
HIVEP3,0.037788847,0.260214766,0.194,0.174,MG0,,
RAB31,0.037847151,0.277285241,0.379,0.37,MG0,,
GNAI3,0.039301064,0.297963249,0.105,0.088,MG0,,
RALY,0.041924305,0.35636414,0.12,0.102,MG0,,
HEATR5B,0.042796869,0.284503418,0.117,0.099,MG0,,
TGFB1,0.044618108,0.384279335,0.134,0.117,MG0,,
RBM39,0.045661556,0.297780194,0.232,0.217,MG0,,
SFPQ,0.049063828,0.33037323,0.149,0.132,MG0,,
MYH9,0.049538312,0.364651883,0.124,0.108,MG0,,
RGS1,1.35E-47,0.886530319,0.488,0.261,MG1,,
SPP1,1.04E-45,1.019398587,0.534,0.317,MG1,,
KCNMA1,8.90E-41,0.854395543,0.488,0.282,MG1,,
NEAT1,8.02E-32,0.602986996,0.689,0.517,MG1,,
RUNX1,2.06E-29,0.688898438,0.486,0.301,MG1,,
ARHGAP26,2.18E-27,0.45364157,0.704,0.525,MG1,,
SLC1A3,1.59E-26,0.501454089,0.636,0.452,MG1,,
ACSL1,3.15E-25,0.70909368,0.325,0.177,MG1,,
DENND3,9.97E-25,0.719529829,0.282,0.146,MG1,,
FMN1,1.46E-24,0.685759903,0.325,0.179,MG1,,
SRGAP1,4.45E-24,0.561837816,0.428,0.262,MG1,,
NHSL11,2.73E-23,0.500094654,0.517,0.343,MG1,,
FKBP5,2.42E-22,0.357020432,0.697,0.492,MG1,,
MITF,2.36E-20,0.901573724,0.18,0.083,MG1,,
SAT1,4.74E-19,0.558897697,0.481,0.329,MG1,,
TLR2,7.21E-19,0.58696386,0.262,0.143,MG1,,
UTRN,2.69E-18,0.652954875,0.241,0.129,MG1,,
SCIN,2.91E-18,0.672318368,0.179,0.085,MG1,,
RNF144B,2.97E-18,0.761748668,0.106,0.037,MG1,,
RP11-153M7.3,4.20E-18,0.756405975,0.11,0.04,MG1,,
CPVL,7.83E-18,0.64485235,0.129,0.052,MG1,,
PPARG,1.78E-17,0.859421649,0.114,0.044,MG1,,
CELF2,2.22E-17,0.307168336,0.754,0.608,MG1,,
TBC1D14,4.46E-17,0.669402419,0.209,0.11,MG1,,
P4HA1,1.22E-16,0.859605666,0.15,0.07,MG1,,
C9orf84,4.70E-16,0.687837552,0.159,0.077,MG1,,
PRKCH,8.34E-16,0.563703795,0.34,0.221,MG1,,
RBM47,1.06E-15,0.525250973,0.346,0.22,MG1,,
LHFPL2,1.07E-14,0.454431784,0.42,0.29,MG1,,
PRKCB,1.97E-14,0.543554231,0.262,0.158,MG1,,
PDK4,1.97E-14,0.535569185,0.343,0.231,MG1,,
MYO1E,1.98E-14,0.842662639,0.213,0.124,MG1,,
SMAP2,3.63E-14,0.344318098,0.517,0.376,MG1,,
RHBDF2,5.88E-14,0.430475719,0.244,0.142,MG1,,
SRGN1,6.63E-14,0.344881223,0.509,0.375,MG1,,
PRKCE,7.27E-14,0.537805401,0.224,0.13,MG1,,
LDLRAD4,1.58E-13,0.296881157,0.772,0.69,MG1,,
CCDC26,2.34E-13,0.791725784,0.148,0.076,MG1,,
RLF,4.45E-13,0.552624892,0.154,0.08,MG1,,
IGSF21,4.79E-13,0.435973212,0.372,0.253,MG1,,
NEDD4L,1.05E-12,0.570400973,0.155,0.082,MG1,,
MGAT4A,4.17E-12,0.389287581,0.311,0.204,MG1,,
SLC25A37,1.03E-11,0.396969619,0.225,0.135,MG1,,
KLHL6,1.47E-11,0.551716813,0.174,0.099,MG1,,
HDAC9,1.91E-11,0.425261046,0.408,0.298,MG1,,
PRKAG2,2.73E-11,0.371553853,0.32,0.219,MG1,,
FGD2,3.46E-11,0.412943524,0.213,0.129,MG1,,
SSH2,4.89E-11,0.365647899,0.478,0.37,MG1,,
CCND3,4.97E-11,0.393603766,0.338,0.23,MG1,,
ROCK1,7.72E-11,0.449845513,0.308,0.211,MG1,,
AKAP13,8.36E-11,0.291784844,0.5,0.371,MG1,,
UST,1.27E-10,0.543871419,0.133,0.071,MG1,,
PDE3B,1.45E-10,0.391328473,0.502,0.394,MG1,,
CPM,1.51E-10,0.466667351,0.176,0.104,MG1,,
DOCK11,3.81E-10,0.385224509,0.267,0.177,MG1,,
ELL2,4.48E-10,0.350333285,0.423,0.322,MG1,,
PDGFB,5.19E-10,0.475820952,0.149,0.083,MG1,,
SERPINB9,5.73E-10,0.421746759,0.257,0.17,MG1,,
RNASET2,6.41E-10,0.415992753,0.232,0.151,MG1,,
HERPUD1,7.17E-10,0.565744337,0.158,0.093,MG1,,
MAN1A1,8.34E-10,0.49312858,0.235,0.152,MG1,,
ZFP36L2,1.02E-09,0.555363323,0.147,0.084,MG1,,
FAM149A,1.02E-09,0.357609116,0.38,0.279,MG1,,
ITPR1,1.23E-09,0.535612806,0.142,0.081,MG1,,
ASAP1,1.29E-09,0.543385801,0.159,0.094,MG1,,
PBX3,1.60E-09,0.535863403,0.109,0.056,MG1,,
LRRK2,1.93E-09,0.582308389,0.121,0.066,MG1,,
PAG1,3.51E-09,0.312316401,0.313,0.22,MG1,,
GALNT2,3.56E-09,0.333077222,0.321,0.226,MG1,,
GNAQ,3.77E-09,0.288589026,0.588,0.472,MG1,,
LCP2,4.04E-09,0.590142579,0.166,0.101,MG1,,
AAK1,4.27E-09,0.42351072,0.239,0.16,MG1,,
CTSS,5.36E-09,0.479920491,0.108,0.057,MG1,,
SLC11A11,7.49E-09,0.287811968,0.356,0.261,MG1,,
FNDC3B,7.67E-09,0.351561554,0.186,0.116,MG1,,
PSTPIP2,1.01E-08,0.48228979,0.108,0.058,MG1,,
RCSD1,1.20E-08,0.41425273,0.228,0.153,MG1,,
LRRC16A,1.42E-08,0.402252147,0.101,0.053,MG1,,
MYOF,1.56E-08,0.310918474,0.182,0.113,MG1,,
MGAT5,1.92E-08,0.354390933,0.293,0.208,MG1,,
RREB1,2.03E-08,0.298384635,0.198,0.126,MG1,,
FOS,2.07E-08,0.506125361,0.156,0.096,MG1,,
SYT17,2.46E-08,0.487749375,0.1,0.053,MG1,,
SH3BGRL,2.78E-08,0.417866469,0.182,0.116,MG1,,
HDAC4,2.81E-08,0.348753212,0.199,0.13,MG1,,
FOXN3,4.06E-08,0.291769431,0.401,0.306,MG1,,
CACNA1A,4.91E-08,0.43178227,0.202,0.133,MG1,,
ANKS1A,5.16E-08,0.328056325,0.338,0.249,MG1,,
FGD4,6.11E-08,0.331130904,0.551,0.457,MG1,,
MAP3K8,6.75E-08,0.301223467,0.164,0.102,MG1,,
ETS2,7.05E-08,0.388515336,0.137,0.082,MG1,,
UBASH3B,7.42E-08,0.493155508,0.153,0.095,MG1,,
STARD13,7.88E-08,0.577676085,0.124,0.074,MG1,,
RNF149,8.93E-08,0.325808471,0.246,0.171,MG1,,
DDX60L,1.20E-07,0.441820164,0.106,0.059,MG1,,
NFATC2,1.22E-07,0.378702827,0.152,0.094,MG1,,
ZDHHC14,1.27E-07,0.293571925,0.267,0.189,MG1,,
SKAP2,1.51E-07,0.28214825,0.285,0.203,MG1,,
SAMD4A,1.64E-07,0.521511115,0.101,0.056,MG1,,
GAB3,1.78E-07,0.393393847,0.112,0.065,MG1,,
GSAP,1.91E-07,0.458100931,0.123,0.074,MG1,,
SLC2A5,1.91E-07,0.461674751,0.126,0.076,MG1,,
ABL2,3.17E-07,0.533143528,0.105,0.061,MG1,,
TRPM2,3.24E-07,0.330527352,0.202,0.136,MG1,,
DTNA,3.58E-07,0.309153729,0.28,0.204,MG1,,
MAP4K3,3.64E-07,0.401571239,0.184,0.123,MG1,,
GLDN,3.65E-07,0.593036185,0.125,0.078,MG1,,
TANC2,6.18E-07,0.388262102,0.17,0.113,MG1,,
FYB1,7.16E-07,0.271878598,0.401,0.313,MG1,,
XIST,7.23E-07,0.324020108,0.141,0.089,MG1,,
AXL,7.94E-07,0.288482725,0.179,0.119,MG1,,
CTSC,8.81E-07,0.348260464,0.105,0.061,MG1,,
LRBA,1.14E-06,0.309302604,0.207,0.144,MG1,,
MFSD1,1.33E-06,0.305234779,0.128,0.078,MG1,,
MSR1,1.36E-06,0.405073714,0.173,0.117,MG1,,
HIF1A,1.65E-06,0.269475154,0.17,0.112,MG1,,
LRP1,1.71E-06,0.374682201,0.114,0.07,MG1,,
RNF145,1.80E-06,0.251656035,0.175,0.118,MG1,,
ARHGAP6,1.87E-06,0.301815388,0.229,0.163,MG1,,
SKI,2.28E-06,0.266699005,0.161,0.106,MG1,,
LPAR6,2.39E-06,0.300644865,0.116,0.07,MG1,,
FNIP2,2.53E-06,0.327728783,0.228,0.163,MG1,,
BAZ1A,2.59E-06,0.320111292,0.117,0.072,MG1,,
LRRFIP1,2.77E-06,0.304227595,0.175,0.118,MG1,,
MPZL1,2.84E-06,0.338267456,0.158,0.105,MG1,,
SGK1,3.36E-06,0.339123216,0.34,0.268,MG1,,
MPRIP,3.95E-06,0.318103264,0.123,0.077,MG1,,
MAPKAP1,4.06E-06,0.340073411,0.153,0.102,MG1,,
DSCAM,4.15E-06,0.283645029,0.374,0.293,MG1,,
JDP2,4.66E-06,0.314705684,0.137,0.088,MG1,,
ATF6,5.73E-06,0.262124665,0.295,0.221,MG1,,
FNDC3A,5.89E-06,0.304402335,0.195,0.138,MG1,,
IFI16,5.96E-06,0.333635734,0.186,0.13,MG1,,
NAMPT,6.64E-06,0.461069983,0.106,0.065,MG1,,
TMEM163,8.73E-06,0.517899862,0.159,0.11,MG1,,
GLUL,9.07E-06,0.408669712,0.104,0.065,MG1,,
LPP,9.55E-06,0.251877452,0.338,0.263,MG1,,
ZFP36L1,1.31E-05,0.259194252,0.13,0.084,MG1,,
PLEKHA2,1.48E-05,0.304504267,0.13,0.086,MG1,,
SYTL3,1.49E-05,0.333574428,0.112,0.071,MG1,,
ARHGAP18,1.64E-05,0.287019541,0.128,0.084,MG1,,
MKL1,1.67E-05,0.258802193,0.183,0.129,MG1,,
BCL2,1.69E-05,0.441883212,0.222,0.167,MG1,,
FAM13A,1.73E-05,0.271766217,0.198,0.142,MG1,,
FAM49A,1.82E-05,0.253314211,0.141,0.095,MG1,,
AFF1,2.02E-05,0.268485834,0.289,0.223,MG1,,
TSPAN14,2.11E-05,0.259770458,0.136,0.09,MG1,,
BBX,2.13E-05,0.258903307,0.169,0.119,MG1,,
JAK1,2.18E-05,0.333370851,0.161,0.112,MG1,,
R3HCC1L,2.33E-05,0.261894612,0.107,0.068,MG1,,
GSN,2.49E-05,0.27357241,0.277,0.213,MG1,,
PBRM1,2.51E-05,0.326154843,0.156,0.109,MG1,,
SND1,2.58E-05,0.312302282,0.179,0.129,MG1,,
B4GALT11,2.59E-05,0.253906599,0.239,0.179,MG1,,
PHACTR2,2.62E-05,0.30807692,0.106,0.067,MG1,,
ETV6,2.70E-05,0.261193488,0.314,0.245,MG1,,
ACER3,2.89E-05,0.329338231,0.132,0.089,MG1,,
SH3TC1,3.04E-05,0.293623043,0.214,0.158,MG1,,
PFKFB3,3.83E-05,0.254975721,0.149,0.102,MG1,,
PSAP,4.13E-05,0.3087185,0.127,0.085,MG1,,
TNS3,4.39E-05,0.255420597,0.22,0.164,MG1,,
RNF216,4.86E-05,0.268940451,0.162,0.115,MG1,,
GPRIN3,5.06E-05,0.283199536,0.143,0.099,MG1,,
RP3-333H23.10,5.08E-05,0.265857555,0.111,0.072,MG1,,
USP25,5.35E-05,0.305828479,0.128,0.086,MG1,,
SRGAP2C,5.51E-05,0.261979267,0.215,0.159,MG1,,
RBPJ,5.75E-05,0.342739383,0.186,0.137,MG1,,
TMEM131,7.08E-05,0.256376834,0.149,0.104,MG1,,
XRN2,8.68E-05,0.258748325,0.102,0.066,MG1,,
THOC2,8.95E-05,0.302825192,0.152,0.108,MG1,,
HMBOX1,9.40E-05,0.265707901,0.146,0.103,MG1,,
SPAG9,9.45E-05,0.384308874,0.154,0.111,MG1,,
ARSB,0.000110681,0.266960834,0.102,0.067,MG1,,
PDSS2,0.000130677,0.332254071,0.114,0.078,MG1,,
ZCCHC7,0.000164073,0.352678453,0.158,0.116,MG1,,
SRGAP3,0.000189972,0.341508643,0.111,0.076,MG1,,
ITGAX,0.000201295,0.298196721,0.138,0.097,MG1,,
GOLGA4,0.000215633,0.251384857,0.223,0.173,MG1,,
MS4A7,0.000224723,0.266125474,0.117,0.08,MG1,,
PTPN2,0.000248524,0.264905867,0.114,0.078,MG1,,
RGL1,0.000254285,0.397029048,0.151,0.111,MG1,,
KIAA0368,0.000256436,0.302555063,0.125,0.089,MG1,,
GRAMD1B,0.000297855,0.259803889,0.179,0.134,MG1,,
RASSF8,0.000305519,0.252840072,0.191,0.145,MG1,,
EPS15,0.000307054,0.26988628,0.185,0.142,MG1,,
KB-1507C5.4,0.000397679,0.298557311,0.135,0.097,MG1,,
EPB41L3,0.000414059,0.345234447,0.133,0.096,MG1,,
VMP1,0.000425426,0.30202761,0.184,0.141,MG1,,
PARP8,0.000430076,0.359308924,0.147,0.108,MG1,,
ABCA1,0.0004707,0.252121563,0.12,0.085,MG1,,
DPYD,0.000564111,0.405187161,0.144,0.109,MG1,,
HTT,0.000622639,0.254294443,0.104,0.073,MG1,,
KDM4B,0.000673807,0.274953832,0.107,0.075,MG1,,
MCL1,0.000722305,0.328432819,0.104,0.073,MG1,,
SCFD1,0.001133734,0.297706266,0.114,0.083,MG1,,
BICD1,0.001685107,0.257381301,0.101,0.072,MG1,,
POLK,0.002266476,0.254661828,0.114,0.084,MG1,,
ANKRD12,0.00307018,0.326275182,0.107,0.08,MG1,,
RBMS1,0.00428386,0.280560324,0.112,0.084,MG1,,
SERPINE1,0.007141339,0.41858692,0.149,0.12,MG1,,
SIPA1L1,0.010633984,0.35190436,0.153,0.126,MG1,,
PLXDC2,1.96E-13,0.26511418,0.927,0.908,MG2,,
NAV3,4.51E-09,0.51555064,0.465,0.406,MG2,,
DOCK4,1.05E-08,0.280153188,0.851,0.852,MG2,,
APBB1IP,2.28E-08,0.452516017,0.556,0.527,MG2,,
KCNQ3,9.91E-07,0.406192446,0.542,0.512,MG2,,
ITPR21,6.88E-06,0.413389814,0.564,0.559,MG2,,
CX3CR11,9.12E-06,0.68641143,0.145,0.096,MG2,,
SYNDIG11,0.000224133,0.461611111,0.459,0.451,MG2,,
ST6GAL1,0.00048812,0.269814898,0.618,0.634,MG2,,
ANKRD44,0.001137635,0.307658738,0.501,0.507,MG2,,
JAZF1,0.00128731,0.46013435,0.382,0.376,MG2,,
RP11-480C22.11,0.002380475,0.596884094,0.179,0.147,MG2,,
C3,0.002416945,0.457386921,0.34,0.323,MG2,,
RP11-40A8.31,0.003062365,0.563347694,0.222,0.19,MG2,,
IPCEF1,0.005114992,0.488355141,0.319,0.298,MG2,,
HS3ST4,0.010708416,0.27194684,0.486,0.479,MG2,,
ABCC4,0.012364206,0.361096354,0.421,0.429,MG2,,
LRRK1,0.020901409,0.539326377,0.207,0.188,MG2,,
MEF2C1,0.021709417,0.25343873,0.589,0.641,MG2,,
RP5-964N17.1,0.023982079,0.336237755,0.186,0.158,MG2,,
SOCS6,0.024450869,0.536874543,0.173,0.153,MG2,,
DIAPH2,0.025561864,0.367862693,0.34,0.343,MG2,,
UTY,0.031471642,0.578958883,0.104,0.084,MG2,,
PCDH9,0,4.419072547,0.98,0.116,MG3,,
IL1RAPL1,0,4.378564357,0.946,0.066,MG3,,
RNF220,0,4.084164737,0.818,0.023,MG3,,
ST18,0,4.041487782,0.798,0.028,MG3,,
PPP2R2B,0,3.883768159,0.828,0.049,MG3,,
SLC24A2,0,3.745970634,0.744,0.027,MG3,,
NCAM2,0,3.510692987,0.811,0.061,MG3,,
CTNNA3,0,3.494242713,0.785,0.049,MG3,,
FRMD5,0,3.476882905,0.707,0.024,MG3,,
MAGI2,0,3.447665384,0.838,0.063,MG3,,
TMTC2,0,3.388177008,0.684,0.025,MG3,,
TTLL7,0,3.310944477,0.7,0.027,MG3,,
MOBP,0,3.240904785,0.569,0.012,MG3,,
PDE1C,0,3.174544551,0.609,0.014,MG3,,
MAP7,0,3.148305114,0.7,0.032,MG3,,
ZNF536,0,3.143391269,0.566,0.01,MG3,,
SLC44A1,0,3.138026715,0.805,0.059,MG3,,
PTPRD,0,3.087437373,0.758,0.058,MG3,,
SPOCK3,0,3.078028993,0.593,0.023,MG3,,
C10orf90,0,3.023072587,0.529,0.011,MG3,,
EDIL3,0,2.986033446,0.663,0.031,MG3,,
PLEKHH1,0,2.973903617,0.559,0.014,MG3,,
CLMN,0,2.929997337,0.512,0.009,MG3,,
NFASC,0,2.856029993,0.468,0.009,MG3,,
FBXL7,0,2.812117697,0.508,0.012,MG3,,
UNC5C,2.88E-303,3.200227079,0.65,0.037,MG3,,
SPOCK1,3.65E-303,3.188023487,0.623,0.033,MG3,,
TRIM2,7.60E-301,2.931099184,0.623,0.033,MG3,,
ERBB4,1.47E-283,3.001941114,0.613,0.035,MG3,,
CREB5,3.49E-281,2.782380194,0.465,0.014,MG3,,
BCAS1,2.20E-278,2.58993181,0.451,0.012,MG3,,
TF,1.13E-275,2.627674872,0.448,0.012,MG3,,
ENPP2,1.15E-273,2.475552232,0.421,0.009,MG3,,
GRID1,8.10E-272,2.643054077,0.485,0.017,MG3,,
PHLPP1,2.06E-267,2.8265368,0.724,0.063,MG3,,
GRM3,1.16E-264,2.562797537,0.431,0.012,MG3,,
SHROOM4,3.25E-263,2.471838606,0.357,0.004,MG3,,
CDH20,3.88E-260,2.712883768,0.441,0.014,MG3,,
PALM2,4.30E-260,2.448895386,0.407,0.01,MG3,,
KLHL32,9.35E-260,2.611666174,0.401,0.009,MG3,,
NKAIN2,1.25E-259,3.027425233,0.71,0.064,MG3,,
ANK3,8.13E-257,2.902533264,0.734,0.07,MG3,,
SH3GL3,3.31E-255,2.555809395,0.428,0.013,MG3,,
NCAM1,5.97E-255,2.716217693,0.552,0.031,MG3,,
PEX5L,1.23E-253,2.757443746,0.512,0.025,MG3,,
SCD5,1.34E-253,2.502672237,0.468,0.018,MG3,,
PLP1,2.76E-253,3.110387966,0.663,0.055,MG3,,
DNAJC6,7.03E-253,2.530269868,0.451,0.016,MG3,,
CNTN2,1.59E-251,2.332936629,0.34,0.004,MG3,,
DOCK9,3.78E-251,2.441454644,0.421,0.013,MG3,,
COL4A5,1.55E-248,2.291286214,0.34,0.004,MG3,,
KCNH8,1.66E-242,2.309891099,0.391,0.01,MG3,,
KIRREL3,6.65E-234,2.661312072,0.542,0.035,MG3,,
COBL,3.42E-233,2.469436465,0.394,0.012,MG3,,
RAPGEF5,6.36E-232,2.409716755,0.468,0.022,MG3,,
PXK,1.55E-228,2.322583602,0.515,0.03,MG3,,
AKAP6,3.86E-223,2.55276204,0.529,0.035,MG3,,
LIMCH1,3.53E-222,2.342860231,0.502,0.029,MG3,,
ABCA8,1.77E-219,2.248184224,0.316,0.005,MG3,,
APBB2,2.43E-218,2.303087884,0.424,0.018,MG3,,
PRUNE2,3.64E-218,2.372306782,0.394,0.014,MG3,,
ANLN,1.31E-217,2.333687721,0.364,0.011,MG3,,
ABCA2,7.58E-217,2.072879928,0.303,0.004,MG3,,
UGT8,5.32E-211,2.205690134,0.337,0.008,MG3,,
SLCO3A1,8.06E-211,2.34202745,0.38,0.014,MG3,,
ANK2,1.91E-209,2.475725342,0.65,0.066,MG3,,
SYNJ2,1.98E-209,2.159459422,0.33,0.008,MG3,,
NTM,8.74E-208,2.673262329,0.562,0.047,MG3,,
CDC42BPA,8.91E-208,2.206066781,0.465,0.027,MG3,,
USP54,3.55E-200,2.120062384,0.367,0.014,MG3,,
FA2H,4.63E-200,2.055602065,0.269,0.003,MG3,,
RFTN2,9.44E-200,2.118590377,0.33,0.009,MG3,,
ATP8A1,2.20E-198,2.189687215,0.532,0.042,MG3,,
POLR2F,2.11E-197,2.172705838,0.343,0.011,MG3,,
DSCAML1,3.38E-197,2.238395889,0.367,0.014,MG3,,
KANK1,4.88E-194,2.1436422,0.343,0.012,MG3,,
PHLDB1,2.58E-187,2.05378889,0.276,0.005,MG3,,
AGAP1,6.82E-187,2.482713505,0.596,0.062,MG3,,
CNDP1,5.68E-186,2.194201095,0.29,0.007,MG3,,
DNM3,2.44E-183,2.361648292,0.599,0.065,MG3,,
CNTNAP4,1.77E-182,2.47056201,0.333,0.013,MG3,,
FAM107B,8.68E-181,2.208171313,0.414,0.025,MG3,,
RP11-946L20.2,6.32E-180,1.989959927,0.273,0.006,MG3,,
MBP,9.16E-180,2.610857053,0.707,0.106,MG3,,
PCSK6,2.44E-178,2.048961947,0.266,0.005,MG3,,
DOCK1,6.01E-178,1.935194039,0.333,0.013,MG3,,
SLAIN1,7.78E-176,2.253793818,0.562,0.057,MG3,,
NALCN,5.37E-175,2.148706004,0.37,0.019,MG3,,
AC012593.1,6.92E-175,2.022887933,0.276,0.007,MG3,,
DAAM2,7.45E-175,1.99336044,0.276,0.007,MG3,,
PDE1A,6.75E-174,2.373958841,0.414,0.027,MG3,,
DOCK5,8.13E-170,2.292509573,0.687,0.097,MG3,,
AGPAT4,1.77E-169,2.258093947,0.38,0.022,MG3,,
CADM2,4.16E-167,2.612960491,0.744,0.126,MG3,,
DLC1,1.28E-166,2.147236512,0.327,0.014,MG3,,
DLG2,1.75E-166,2.288048927,0.872,0.19,MG3,,
HIP1,6.77E-166,2.148723807,0.407,0.027,MG3,,
NPAS3,1.63E-164,2.235627733,0.653,0.089,MG3,,
ARAP2,1.63E-164,2.126808681,0.576,0.065,MG3,,
SLC5A11,9.27E-164,2.033895517,0.246,0.005,MG3,,
SOX2-OT,4.13E-163,2.010427506,0.35,0.018,MG3,,
SLCO1A2,5.72E-163,1.835443727,0.229,0.003,MG3,,
PHACTR3,7.34E-163,1.941215306,0.316,0.014,MG3,,
SLC22A15,9.42E-161,1.840189118,0.266,0.007,MG3,,
ERBB3,1.26E-160,1.613655014,0.229,0.004,MG3,,
MAL,5.65E-160,1.934522923,0.222,0.003,MG3,,
FAM13C,9.59E-160,1.91821601,0.266,0.008,MG3,,
RP11-93O7.5,3.18E-159,1.979110968,0.253,0.006,MG3,,
RP11-259K15.3,3.24E-159,1.878483119,0.259,0.007,MG3,,
FUT8,8.18E-159,2.068058786,0.519,0.053,MG3,,
NRXN3,1.30E-157,2.392937985,0.609,0.082,MG3,,
HECW2,4.45E-157,1.958552062,0.303,0.013,MG3,,
ENOX1,4.97E-157,2.073611937,0.36,0.022,MG3,,
CD22,2.96E-156,1.81077985,0.215,0.003,MG3,,
KCTD8,5.85E-156,1.929868605,0.253,0.007,MG3,,
KIF6,2.32E-153,1.887562635,0.269,0.009,MG3,,
GNAO1,6.33E-153,1.905007771,0.306,0.014,MG3,,
CACNA2D1,1.81E-151,1.992686393,0.354,0.022,MG3,,
ATP10B,3.77E-151,1.818551957,0.242,0.006,MG3,,
MEGF10,4.24E-151,1.629282553,0.226,0.004,MG3,,
GPM6B,3.36E-150,2.21310979,0.529,0.062,MG3,,
RNF144A,2.59E-148,1.850081102,0.273,0.01,MG3,,
ARFGEF3,3.53E-148,1.908108185,0.29,0.013,MG3,,
JAM3,2.83E-147,1.853299252,0.323,0.018,MG3,,
TMEFF2,4.97E-146,1.919901695,0.279,0.012,MG3,,
C21orf131,9.76E-146,1.739436339,0.229,0.005,MG3,,
FGFR2,1.16E-143,1.747548638,0.209,0.004,MG3,,
FOLH1,1.78E-142,1.525007041,0.202,0.003,MG3,,
SEPT7,1.25E-140,2.127106023,0.589,0.085,MG3,,
MYO1D,1.69E-139,1.80153671,0.32,0.019,MG3,,
COLGALT2,1.69E-137,1.84822168,0.242,0.008,MG3,,
CTNND2,9.28E-137,2.015020791,0.485,0.055,MG3,,
CERCAM,4.09E-136,1.699772127,0.226,0.006,MG3,,
FAM124A,4.69E-136,1.483276467,0.212,0.005,MG3,,
EFHD1,2.33E-135,1.799420567,0.199,0.004,MG3,,
PRR5L,1.32E-134,1.625911594,0.215,0.005,MG3,,
PKP4,1.98E-134,1.833442325,0.397,0.035,MG3,,
LIFR,8.31E-134,1.741276754,0.242,0.009,MG3,,
MYRF,2.48E-131,1.424049915,0.165,0.001,MG3,,
ZNF704,3.22E-131,1.754230216,0.256,0.011,MG3,,
SIK3,4.45E-131,1.983138835,0.737,0.148,MG3,,
AK5,2.01E-129,1.917118054,0.316,0.021,MG3,,
NLGN1,2.87E-129,2.13692376,0.495,0.063,MG3,,
HHIP,1.44E-128,1.932659207,0.239,0.009,MG3,,
DIP2C,1.68E-127,1.816497221,0.532,0.073,MG3,,
CDK18,6.50E-127,1.783433292,0.263,0.013,MG3,,
SH3D19,1.75E-123,1.774819763,0.263,0.014,MG3,,
LDB3,2.30E-123,1.435728899,0.192,0.004,MG3,,
AMER2,2.69E-122,1.59250435,0.175,0.003,MG3,,
RP11-566K8.2,3.07E-121,1.683246014,0.239,0.011,MG3,,
PALM2-AKAP2,3.28E-121,1.4459094,0.192,0.005,MG3,,
KCNMB4,6.68E-120,1.768288966,0.286,0.018,MG3,,
NDRG1,2.38E-118,1.413722997,0.222,0.009,MG3,,
PLLP,6.25E-118,1.510574634,0.185,0.004,MG3,,
PPP1R16B,2.99E-117,1.523700743,0.219,0.008,MG3,,
DOCK3,1.46E-115,1.747035264,0.448,0.055,MG3,,
PPM1H,3.75E-115,1.754892643,0.273,0.017,MG3,,
PHYHIPL,2.01E-114,1.706548143,0.192,0.006,MG3,,
RP11-81H3.2,2.31E-114,1.705422376,0.185,0.005,MG3,,
RASGRF2,1.03E-113,1.591218593,0.242,0.013,MG3,,
LRP1B,6.33E-113,1.857605156,0.542,0.086,MG3,,
LRRC1,1.31E-112,1.650278564,0.239,0.012,MG3,,
IGSF11,1.22E-111,1.65514445,0.226,0.011,MG3,,
ANKS1B,1.23E-111,1.762769472,0.465,0.063,MG3,,
KLHL4,1.37E-110,1.605201044,0.185,0.005,MG3,,
FRYL,1.37E-110,1.875094553,0.707,0.159,MG3,,
MEIS2,1.44E-110,1.52493157,0.178,0.005,MG3,,
PIEZO2,2.99E-108,1.662285757,0.209,0.009,MG3,,
SGCZ,5.75E-108,2.062692998,0.239,0.014,MG3,,
PTK2,8.42E-108,1.780578355,0.636,0.126,MG3,,
EVA1C,9.32E-108,1.618962083,0.236,0.013,MG3,,
CDH19,1.41E-106,1.575692047,0.148,0.002,MG3,,
MIR100HG,1.41E-106,1.780400047,0.29,0.023,MG3,,
RP11-862L9.2,4.48E-106,1.270363055,0.145,0.002,MG3,,
LAMA2,2.39E-105,1.774285033,0.246,0.015,MG3,,
SEPT4,5.22E-105,1.380971414,0.172,0.005,MG3,,
MARCH1,1.01E-104,1.667885776,0.714,0.161,MG3,,
OPALIN,3.86E-104,1.448616702,0.185,0.006,MG3,,
PLCL1,5.48E-104,1.757713408,0.7,0.165,MG3,,
TSPAN5,1.42E-102,1.673561122,0.293,0.025,MG3,,
RGCC,1.57E-102,1.340642397,0.195,0.008,MG3,,
CLASP2,1.76E-102,1.715071022,0.684,0.152,MG3,,
NEO1,1.88E-102,1.660960072,0.286,0.023,MG3,,
AC087859.1,1.91E-102,1.547481077,0.32,0.03,MG3,,
SVEP1,1.25E-101,1.556249006,0.172,0.005,MG3,,
TMEM144,2.18E-101,1.706046256,0.68,0.151,MG3,,
SLC12A2,6.54E-100,1.577746872,0.246,0.016,MG3,,
GPRC5B,6.73E-100,1.449552997,0.165,0.005,MG3,,
CLIP4,5.05E-99,1.495496684,0.192,0.008,MG3,,
SEC14L5,2.00E-98,1.238047938,0.152,0.003,MG3,,
OTUD7B,2.91E-98,1.45497138,0.165,0.005,MG3,,
TMEM165,1.03E-97,1.519592784,0.572,0.106,MG3,,
PIP4K2A,3.14E-97,1.757036253,0.778,0.219,MG3,,
FAM102A,5.23E-97,1.206058996,0.168,0.005,MG3,,
PDE4B,5.50E-96,1.621195361,0.838,0.254,MG3,,
LPGAT1,1.57E-95,1.633016032,0.37,0.046,MG3,,
GALNT13,3.35E-95,1.512147539,0.232,0.015,MG3,,
LSAMP,6.27E-95,1.593240874,0.572,0.111,MG3,,
NECAB1,1.12E-94,1.368069691,0.189,0.008,MG3,,
KIAA1755,1.35E-94,1.06474042,0.131,0.002,MG3,,
DLG1,3.31E-94,1.591263704,0.576,0.113,MG3,,
FAM134B,1.38E-93,1.542048462,0.195,0.01,MG3,,
MDGA2,2.39E-93,1.722547407,0.3,0.03,MG3,,
KIAA1958,3.47E-93,1.45758295,0.178,0.007,MG3,,
SH3TC2,5.25E-93,1.362620458,0.222,0.014,MG3,,
SMOC1,1.01E-92,1.29115388,0.152,0.004,MG3,,
LRP2,1.17E-92,1.306716687,0.152,0.004,MG3,,
MAG,2.44E-91,1.352410841,0.158,0.005,MG3,,
GRIA4,3.26E-91,1.581635782,0.219,0.014,MG3,,
MIR181A1HG,6.59E-91,1.363800109,0.394,0.054,MG3,,
TMEM63A,2.43E-90,1.389589633,0.306,0.032,MG3,,
CADM1,5.27E-90,1.536618574,0.286,0.028,MG3,,
DPYD1,6.64E-90,1.421438746,0.508,0.091,MG3,,
SEMA3B,1.65E-89,1.211155577,0.138,0.003,MG3,,
ADARB2,1.81E-88,1.396229861,0.263,0.023,MG3,,
QDPR,1.15E-86,1.604779679,0.226,0.017,MG3,,
KIAA1324L,1.11E-85,1.292810017,0.202,0.013,MG3,,
DPYSL5,1.26E-85,1.345858318,0.145,0.004,MG3,,
ASTN2,2.24E-85,1.487812108,0.256,0.023,MG3,,
MICAL3,6.79E-85,1.398426879,0.249,0.022,MG3,,
GPHN,4.59E-84,1.421039471,0.582,0.125,MG3,,
SGIP1,1.14E-83,1.374284691,0.219,0.016,MG3,,
SASH1,1.27E-83,1.41958477,0.209,0.014,MG3,,
DST,9.19E-83,1.432367141,0.828,0.264,MG3,,
PLA2G16,5.15E-82,1.423329341,0.246,0.022,MG3,,
SPTBN1,5.37E-82,1.381479903,0.263,0.026,MG3,,
KCNAB1,1.07E-81,1.387451464,0.259,0.025,MG3,,
MOB3B,1.28E-81,1.468211581,0.269,0.027,MG3,,
ITGA2,2.84E-81,1.29020463,0.118,0.002,MG3,,
LGR5,3.46E-81,1.144502141,0.118,0.002,MG3,,
KIF13A,1.53E-80,1.397979386,0.327,0.042,MG3,,
CCP110,2.37E-80,1.384872407,0.236,0.021,MG3,,
IQGAP1,2.55E-80,1.352333959,0.279,0.03,MG3,,
DMD,2.97E-80,1.541660799,0.391,0.061,MG3,,
FIGN,6.19E-79,1.388182188,0.148,0.006,MG3,,
RP11-267C16.1,6.79E-79,1.210774439,0.148,0.006,MG3,,
LANCL1,1.86E-78,1.091054249,0.131,0.004,MG3,,
MAN2A1,3.00E-77,1.539502984,0.694,0.196,MG3,,
DENND2A,4.46E-77,1.145258351,0.152,0.007,MG3,,
RP1-223B1.1,5.34E-77,0.98949573,0.104,0.001,MG3,,
RP11-597D13.7,5.59E-77,1.162355113,0.118,0.003,MG3,,
PDE8A,9.20E-77,1.412347721,0.529,0.111,MG3,,
AC091969.1,2.24E-76,1.245961892,0.145,0.006,MG3,,
GRB10,4.68E-76,1.202584389,0.135,0.005,MG3,,
ZFHX4,6.06E-76,1.178001226,0.128,0.004,MG3,,
AATK,1.02E-75,1.198532433,0.158,0.008,MG3,,
TECPR2,1.13E-75,1.307119846,0.253,0.026,MG3,,
STK39,1.52E-75,1.202477794,0.182,0.012,MG3,,
CA2,3.46E-75,1.212652355,0.118,0.003,MG3,,
C9orf3,1.05E-73,1.287336268,0.407,0.071,MG3,,
EML2,1.74E-73,1.258806511,0.145,0.006,MG3,,
SEMA6A,1.30E-72,1.154736669,0.236,0.023,MG3,,
CHST3,1.66E-72,0.957686615,0.114,0.003,MG3,,
NCKAP5,2.70E-72,1.409053058,0.623,0.163,MG3,,
GPR37,3.04E-72,1.091795973,0.104,0.002,MG3,,
LAMP2,8.09E-72,1.569439727,0.286,0.037,MG3,,
PSD3,1.12E-71,1.281284601,0.434,0.082,MG3,,
ZDHHC11B,1.99E-71,0.903661188,0.111,0.003,MG3,,
ANKRD28,2.96E-71,1.362044157,0.276,0.034,MG3,,
PTN,9.29E-71,1.155190407,0.148,0.007,MG3,,
ZFYVE16,1.69E-70,1.2634657,0.391,0.068,MG3,,
PTPRF,1.88E-70,1.012661496,0.114,0.003,MG3,,
TMTC4,2.81E-70,1.341002887,0.185,0.014,MG3,,
RP11-308N19.1,4.81E-70,1.403296701,0.172,0.012,MG3,,
STXBP6,8.47E-70,1.060380073,0.145,0.007,MG3,,
LRRC63,1.32E-69,1.068610601,0.118,0.004,MG3,,
MTMR7,1.45E-69,1.25006375,0.168,0.011,MG3,,
KIF1B,5.07E-69,1.345494384,0.407,0.076,MG3,,
DAPK2,8.15E-69,1.1685454,0.108,0.003,MG3,,
FUT9,3.05E-68,1.271667213,0.172,0.012,MG3,,
ZDHHC20,5.20E-68,1.454699213,0.31,0.045,MG3,,
SH3PXD2A,7.48E-68,1.099059665,0.172,0.012,MG3,,
CYP7B1,8.36E-67,1.19299753,0.128,0.005,MG3,,
DIXDC1,9.73E-67,1.035626711,0.128,0.005,MG3,,
MAP4K5,1.19E-66,1.359817111,0.434,0.088,MG3,,
CALD1,1.47E-66,1.279704602,0.222,0.023,MG3,,
CNP,1.64E-66,1.194383764,0.192,0.016,MG3,,
NCOA7,2.86E-66,1.109571711,0.354,0.059,MG3,,
AC073479.1,4.43E-66,0.94087082,0.104,0.003,MG3,,
ROBO1,5.34E-66,1.254829431,0.253,0.031,MG3,,
FRMD4B,7.14E-66,1.237138523,0.66,0.186,MG3,,
FAXDC2,2.03E-65,1.127574165,0.165,0.012,MG3,,
PRKACB,1.44E-64,1.345920082,0.327,0.053,MG3,,
MYO6,2.23E-64,1.320533554,0.323,0.052,MG3,,
TTYH2,1.69E-63,1.144800114,0.195,0.018,MG3,,
MKRN3,2.15E-63,0.978724634,0.101,0.003,MG3,,
BACH2,3.03E-63,1.115587192,0.168,0.013,MG3,,
PREX2,3.96E-63,1.110332233,0.148,0.009,MG3,,
GNAI1,4.55E-63,1.297026003,0.158,0.011,MG3,,
AFMID,1.92E-62,0.945511359,0.135,0.007,MG3,,
GAB1,2.40E-62,1.241954874,0.522,0.127,MG3,,
ALCAM,1.16E-61,1.260347548,0.485,0.114,MG3,,
PWRN1,1.35E-61,0.99272414,0.101,0.003,MG3,,
LTBP1,2.87E-61,1.015297627,0.111,0.004,MG3,,
MXI1,6.48E-61,1.1409918,0.168,0.014,MG3,,
ADD3,7.25E-61,1.168613933,0.226,0.026,MG3,,
HBS1L,2.05E-60,1.19463445,0.242,0.031,MG3,,
FAM171A1,2.49E-60,1.015825352,0.128,0.007,MG3,,
ATG4C,8.07E-60,1.056822555,0.364,0.068,MG3,,
PPFIA2,1.08E-59,1.313982732,0.236,0.03,MG3,,
C1QTNF3-AMACR,1.12E-59,1.148995913,0.222,0.026,MG3,,
STOX2,1.41E-59,1.162132805,0.158,0.012,MG3,,
FYN,4.55E-59,1.124242177,0.175,0.016,MG3,,
FEZ1,4.73E-59,1.030898607,0.125,0.006,MG3,,
FBN1,4.86E-59,0.935017677,0.128,0.007,MG3,,
PTBP2,7.33E-59,1.092203393,0.441,0.097,MG3,,
CPOX,1.24E-58,1.030683932,0.141,0.009,MG3,,
EXOC6B,1.65E-58,1.193170431,0.545,0.144,MG3,,
MBOAT2,2.04E-58,1.299135425,0.165,0.014,MG3,,
OSBPL1A,2.04E-58,1.161477457,0.455,0.104,MG3,,
ZNF365,2.89E-57,1.230809021,0.131,0.008,MG3,,
MIR325HG,2.90E-57,1.092947722,0.145,0.01,MG3,,
TTLL11,3.88E-57,1.069194122,0.195,0.021,MG3,,
MAGI1,4.52E-57,1.255551683,0.32,0.057,MG3,,
ZDHHC9,7.96E-57,1.119577659,0.118,0.006,MG3,,
AGTPBP1,9.57E-57,1.158796985,0.391,0.082,MG3,,
CORO2B,9.68E-57,1.025351852,0.118,0.006,MG3,,
CRTC3,1.13E-56,1.011404105,0.121,0.006,MG3,,
CDC14B,2.19E-56,1.068768748,0.367,0.073,MG3,,
PLEKHG3,6.43E-56,0.961234707,0.108,0.005,MG3,,
ABTB2,6.59E-56,0.953986179,0.108,0.005,MG3,,
OSBP2,8.82E-56,1.227848496,0.195,0.022,MG3,,
NOVA1,9.73E-56,1.127005033,0.152,0.012,MG3,,
CPNE2,1.29E-55,1.049280768,0.121,0.007,MG3,,
SORCS2,1.85E-55,1.117946143,0.135,0.009,MG3,,
NFIX,4.36E-55,1.091209347,0.172,0.016,MG3,,
RP11-280F2.2,4.44E-55,1.090356518,0.131,0.008,MG3,,
FNBP1,4.85E-55,1.055199889,0.438,0.101,MG3,,
PIK3C2B,1.54E-54,1.091602391,0.192,0.021,MG3,,
RP11-141M1.3,2.15E-54,1.026394022,0.114,0.006,MG3,,
ERMN,3.74E-54,1.164203981,0.131,0.009,MG3,,
ERBIN,4.11E-54,1.202300215,0.586,0.173,MG3,,
PPP1R9A,5.53E-54,1.102829154,0.168,0.016,MG3,,
NT5DC1,2.32E-53,1.053710939,0.158,0.014,MG3,,
MPDZ,6.52E-53,0.993099722,0.175,0.018,MG3,,
SCD,6.96E-53,1.020188606,0.158,0.014,MG3,,
APP,8.83E-53,1.109078076,0.337,0.066,MG3,,
RP11-436D23.1,1.44E-52,0.896500222,0.125,0.008,MG3,,
APLP1,3.86E-52,1.116141487,0.114,0.006,MG3,,
NEGR1,7.51E-52,1.190803803,0.232,0.034,MG3,,
HIP1R,4.57E-51,1.038733507,0.104,0.005,MG3,,
PBX1,5.64E-51,1.284830102,0.195,0.024,MG3,,
ANKIB1,6.42E-51,1.112605525,0.394,0.09,MG3,,
ZNF708,9.99E-51,1.15304812,0.239,0.036,MG3,,
CSMD2,1.32E-50,0.996837627,0.138,0.011,MG3,,
ST3GAL5,3.10E-50,1.108658376,0.219,0.031,MG3,,
CLDND1,5.26E-49,0.978104477,0.172,0.019,MG3,,
CDK19,2.77E-48,1.043077464,0.448,0.116,MG3,,
SECISBP2L,3.10E-48,1.098197255,0.276,0.05,MG3,,
QKI,3.21E-48,0.985573036,0.923,0.522,MG3,,
APBB1,1.34E-47,0.957215031,0.108,0.006,MG3,,
ENAH,2.19E-47,0.971501313,0.125,0.009,MG3,,
RP3-399L15.3,2.70E-47,1.009322015,0.118,0.008,MG3,,
PPP2R3A,6.25E-47,1.20252551,0.165,0.018,MG3,,
DNER,8.81E-47,0.885063812,0.138,0.012,MG3,,
ARHGAP21,3.08E-46,1.016699947,0.559,0.172,MG3,,
SOBP,3.77E-46,1.013019636,0.128,0.011,MG3,,
TULP4,5.32E-46,1.143007262,0.249,0.043,MG3,,
TNRC6C,6.46E-46,1.084189032,0.242,0.041,MG3,,
TNIK,1.41E-45,1.04620452,0.249,0.043,MG3,,
CLIC4,1.68E-45,1.075749084,0.141,0.014,MG3,,
SAMD12,1.90E-45,1.033081266,0.232,0.038,MG3,,
RAB40B,1.91E-45,0.815830076,0.118,0.009,MG3,,
KCNK10,2.96E-45,0.843623541,0.104,0.006,MG3,,
ARHGAP1,3.71E-45,0.915871448,0.152,0.016,MG3,,
BBS2,3.72E-45,1.039244329,0.145,0.015,MG3,,
ADGRB3,1.27E-44,1.002295833,0.455,0.126,MG3,,
SLC13A3,4.63E-44,0.911652079,0.111,0.008,MG3,,
FRY,6.80E-44,1.246218218,0.145,0.015,MG3,,
NXPE3,1.49E-43,0.841658045,0.114,0.009,MG3,,
EPN2,1.76E-43,0.997764841,0.273,0.053,MG3,,
OLMALINC,5.54E-43,1.026153787,0.141,0.015,MG3,,
CRYAB,8.66E-43,1.08746488,0.108,0.008,MG3,,
PLEKHG1,8.75E-43,0.891975983,0.141,0.015,MG3,,
SRPK2,1.60E-42,0.961191931,0.397,0.103,MG3,,
ADGRL3,3.02E-42,1.09895936,0.229,0.04,MG3,,
SLC4A8,4.19E-42,0.826032915,0.185,0.026,MG3,,
RAB30,6.30E-42,0.837784805,0.114,0.009,MG3,,
LRRC8B,1.12E-41,0.874617889,0.165,0.021,MG3,,
RTKN,1.19E-41,0.785880786,0.118,0.01,MG3,,
CCDC88A,1.25E-41,0.959893542,0.539,0.17,MG3,,
ADD1,1.56E-41,0.958978762,0.333,0.078,MG3,,
SESTD1,5.04E-41,0.941425226,0.118,0.01,MG3,,
PPFIBP1,9.23E-41,0.9952752,0.125,0.012,MG3,,
ZCCHC24,9.77E-41,0.90392362,0.111,0.009,MG3,,
KIAA0556,2.03E-40,0.893785076,0.178,0.025,MG3,,
LINC00632,2.85E-40,0.955194189,0.108,0.008,MG3,,
BBS9,3.29E-40,0.934768044,0.296,0.065,MG3,,
PTGDS,3.70E-40,0.841217809,0.118,0.011,MG3,,
SEMA4D,6.37E-40,0.747750492,0.391,0.102,MG3,,
DPF3,7.81E-40,0.939911825,0.114,0.01,MG3,,
DYSF,1.52E-39,0.953350129,0.108,0.009,MG3,,
RP11-381K20.2,2.38E-39,0.840033466,0.131,0.014,MG3,,
ATL1,3.96E-39,1.032412842,0.104,0.008,MG3,,
PPM1B,4.43E-39,1.093808948,0.327,0.08,MG3,,
SHTN1,1.23E-38,0.892461824,0.566,0.19,MG3,,
GPR137C,1.36E-38,1.032561464,0.138,0.016,MG3,,
LRRFIP2,1.43E-37,0.844345084,0.256,0.053,MG3,,
MBNL2,2.73E-37,0.904304829,0.391,0.109,MG3,,
FERMT2,6.28E-37,0.73761291,0.114,0.011,MG3,,
DPYSL2,1.22E-36,0.853966051,0.337,0.087,MG3,,
ARNT2,1.26E-36,0.833395214,0.108,0.01,MG3,,
TARSL2,1.28E-36,0.826564416,0.195,0.033,MG3,,
GATS,1.88E-36,0.980969725,0.118,0.012,MG3,,
SERINC5,2.37E-36,0.817387801,0.239,0.048,MG3,,
LRRC7,3.65E-36,1.002757231,0.242,0.051,MG3,,
JAKMIP2,8.18E-36,0.765296119,0.114,0.012,MG3,,
GAS7,9.75E-36,0.817161876,0.212,0.04,MG3,,
SCARB2,1.10E-35,0.944149049,0.232,0.047,MG3,,
SERPINI1,1.35E-35,0.847258206,0.101,0.009,MG3,,
TCP11L2,1.91E-35,0.839202967,0.138,0.017,MG3,,
ZHX2,4.48E-35,0.88114167,0.259,0.058,MG3,,
MLLT3,7.43E-35,1.059018249,0.148,0.021,MG3,,
KIF13B,1.60E-34,0.853165509,0.347,0.095,MG3,,
MLLT4,1.98E-34,0.836206467,0.253,0.056,MG3,,
RYR2,2.34E-34,0.802165036,0.239,0.051,MG3,,
FBXO32,6.12E-34,0.811359942,0.104,0.01,MG3,,
ATP1B1,1.23E-33,0.862104362,0.195,0.036,MG3,,
ATP9A,1.39E-33,0.940717117,0.104,0.01,MG3,,
ZNF532,2.70E-33,0.749757003,0.202,0.038,MG3,,
HIPK2,2.71E-33,0.670034009,0.455,0.144,MG3,,
TOM1L2,3.61E-33,0.76883819,0.195,0.036,MG3,,
TPD52,4.28E-33,0.73970723,0.195,0.036,MG3,,
YPEL2,7.22E-33,0.865026211,0.29,0.073,MG3,,
NLGN4X,8.47E-33,0.771376883,0.101,0.01,MG3,,
KCNQ1OT1,1.51E-32,0.815714866,0.202,0.039,MG3,,
ITGB8,3.02E-32,0.85267511,0.104,0.011,MG3,,
GRIA2,4.03E-32,0.892851595,0.219,0.046,MG3,,
MFSD6,4.20E-32,0.752197427,0.128,0.017,MG3,,
MYO5A,7.79E-32,0.790352633,0.347,0.099,MG3,,
ENOSF1,8.69E-32,0.802877932,0.256,0.061,MG3,,
PTPRS,9.04E-32,0.752258574,0.152,0.024,MG3,,
ABHD17B,2.77E-31,0.623634925,0.125,0.016,MG3,,
ATG13,3.37E-31,0.877715882,0.148,0.023,MG3,,
TUBA1A,3.54E-31,0.756012754,0.111,0.013,MG3,,
SAMD4B,4.12E-31,0.805463887,0.205,0.042,MG3,,
NAV1,4.53E-31,0.759505572,0.104,0.011,MG3,,
BACE1,5.38E-31,0.728265903,0.104,0.011,MG3,,
ZNF638,6.10E-31,0.74550684,0.549,0.203,MG3,,
TESK2,8.32E-31,0.749170038,0.128,0.017,MG3,,
RUFY2,8.68E-31,0.800741666,0.232,0.053,MG3,,
BAIAP2,8.79E-31,0.699728818,0.114,0.014,MG3,,
TRIM9,1.21E-30,0.849180627,0.145,0.023,MG3,,
CDH8,2.32E-30,0.793565077,0.101,0.011,MG3,,
UBE4B,4.38E-30,0.79478347,0.283,0.075,MG3,,
MEIS1,4.78E-30,0.843371754,0.131,0.019,MG3,,
ENOX2,1.26E-29,0.805978238,0.3,0.083,MG3,,
PRTFDC1,1.33E-29,0.874941058,0.131,0.019,MG3,,
DPP6,1.34E-29,0.796419209,0.155,0.026,MG3,,
PPP1R12B,2.22E-29,0.78460149,0.249,0.062,MG3,,
KAT2B,3.32E-29,0.697144048,0.29,0.077,MG3,,
WDPCP,6.38E-29,0.736412153,0.32,0.093,MG3,,
MTMR2,6.47E-29,0.916001168,0.145,0.024,MG3,,
AMD1,7.52E-29,0.815916432,0.273,0.073,MG3,,
ANKRD36C,1.46E-28,0.715828973,0.269,0.071,MG3,,
MPP5,1.51E-28,0.619202817,0.162,0.029,MG3,,
MAP1B,1.61E-28,0.74083168,0.219,0.051,MG3,,
PLD1,1.63E-28,0.60526368,0.34,0.102,MG3,,
NINJ2,2.75E-28,0.772163136,0.101,0.012,MG3,,
KCTD3,3.09E-28,0.788125919,0.121,0.017,MG3,,
MTUS1,3.60E-28,0.730031232,0.32,0.094,MG3,,
SORT1,6.87E-28,0.722634343,0.465,0.168,MG3,,
TSGA10,8.08E-28,0.693788264,0.111,0.015,MG3,,
PSEN1,8.36E-28,0.675415577,0.32,0.095,MG3,,
RP11-284M14.1,9.01E-28,0.536768457,0.111,0.015,MG3,,
CD46,9.02E-28,0.663012087,0.209,0.047,MG3,,
DOCK10,2.31E-27,0.691443495,0.724,0.335,MG3,,
MEGF9,2.90E-27,0.833915171,0.165,0.032,MG3,,
ZNF608,6.28E-27,0.755548815,0.141,0.024,MG3,,
PROX1,7.01E-27,0.683601089,0.104,0.013,MG3,,
ZBED5,7.10E-27,0.586360836,0.178,0.037,MG3,,
REPS2,7.69E-27,0.811886956,0.165,0.033,MG3,,
PCGF5,8.43E-27,0.884312976,0.165,0.033,MG3,,
TRPC1,2.93E-26,0.595333918,0.121,0.018,MG3,,
PTPN13,3.16E-26,0.711695758,0.192,0.043,MG3,,
PDZD2,3.40E-26,0.909181899,0.118,0.018,MG3,,
HIBCH,3.46E-26,0.622411538,0.256,0.069,MG3,,
RP11-1023L17.1,3.75E-26,0.706888289,0.111,0.016,MG3,,
RANBP17,8.19E-26,0.575507191,0.108,0.015,MG3,,
BIN1,1.12E-25,0.590869794,0.283,0.082,MG3,,
RALGAPA1,3.78E-25,0.609851066,0.327,0.104,MG3,,
OSBPL9,3.87E-25,0.534273541,0.266,0.075,MG3,,
SYCP2,4.01E-25,0.866101631,0.101,0.014,MG3,,
ZHX3,6.35E-25,0.913586129,0.168,0.036,MG3,,
TLE4,1.07E-24,0.645322288,0.263,0.075,MG3,,
WDR20,1.28E-24,0.582248905,0.199,0.047,MG3,,
TBL1X,3.17E-24,0.656097813,0.138,0.026,MG3,,
ADSS,3.19E-24,0.682680029,0.152,0.03,MG3,,
KIDINS220,5.91E-24,0.668847455,0.269,0.079,MG3,,
TMC6,1.64E-23,0.539992499,0.118,0.019,MG3,,
NCKAP1,1.68E-23,0.792815883,0.121,0.021,MG3,,
CD47,1.73E-23,0.61037454,0.125,0.022,MG3,,
P2RX7,2.11E-23,0.656285373,0.269,0.081,MG3,,
NASP,2.51E-23,0.629825588,0.256,0.075,MG3,,
STRN,3.08E-23,0.552481112,0.209,0.054,MG3,,
RDX,3.98E-23,0.738708029,0.222,0.061,MG3,,
FMNL2,6.24E-23,0.579662175,0.67,0.306,MG3,,
IQCJ-SCHIP1,9.45E-23,0.667576634,0.189,0.046,MG3,,
PTMA,1.16E-22,0.769201093,0.155,0.034,MG3,,
C16orf62,1.98E-22,0.58995293,0.266,0.081,MG3,,
ARHGEF2,2.00E-22,0.665901179,0.175,0.042,MG3,,
TMEM135,2.97E-22,0.656311474,0.165,0.038,MG3,,
DICER1,4.25E-22,0.672180981,0.296,0.097,MG3,,
RTN4,4.69E-22,0.51064998,0.552,0.233,MG3,,
LIPA,7.18E-22,0.591029318,0.145,0.03,MG3,,
MAP4K4,9.22E-22,0.528951924,0.606,0.265,MG3,,
PLEKHA1,1.77E-21,0.606578268,0.172,0.041,MG3,,
RAP1GDS1,1.83E-21,0.649504978,0.273,0.087,MG3,,
ACYP2,2.20E-21,0.534075788,0.323,0.111,MG3,,
CDK17,4.24E-21,0.526152937,0.226,0.065,MG3,,
FAR1,4.31E-21,0.568706007,0.239,0.071,MG3,,
MOSPD2,4.42E-21,0.626750074,0.111,0.019,MG3,,
TACC1,4.80E-21,0.490542775,0.296,0.099,MG3,,
CSMD3,5.68E-21,0.60770059,0.162,0.038,MG3,,
CLIP2,5.72E-21,0.540941117,0.209,0.057,MG3,,
HSP90AA1,6.83E-21,0.604001637,0.333,0.12,MG3,,
ATXN1,7.31E-21,0.545563594,0.562,0.246,MG3,,
CRYBG3,1.00E-20,0.609841232,0.155,0.036,MG3,,
TTL,1.03E-20,0.593454277,0.125,0.024,MG3,,
MAPRE2,1.65E-20,0.605607665,0.222,0.065,MG3,,
C9orf85,2.09E-20,0.494812534,0.135,0.028,MG3,,
TCF4,2.56E-20,0.475106519,0.421,0.164,MG3,,
EFCAB2,2.66E-20,0.513240383,0.121,0.024,MG3,,
IFT88,3.02E-20,0.560306287,0.141,0.031,MG3,,
FOXN2,4.21E-20,0.615867908,0.195,0.054,MG3,,
C12orf76,6.68E-20,0.493084876,0.104,0.018,MG3,,
TMEM184B,8.51E-20,0.436335681,0.101,0.017,MG3,,
SLF2,9.91E-20,0.518951866,0.222,0.066,MG3,,
ZKSCAN1,1.24E-19,0.481734782,0.189,0.051,MG3,,
LRRTM4,1.61E-19,0.811027922,0.155,0.038,MG3,,
ZEB2,1.73E-19,0.548197434,0.67,0.331,MG3,,
TFEB,1.91E-19,0.577172421,0.141,0.032,MG3,,
MYO18A,2.66E-19,0.48293874,0.195,0.055,MG3,,
C3orf58,3.26E-19,0.58350591,0.118,0.024,MG3,,
ZZZ3,3.70E-19,0.560063795,0.236,0.074,MG3,,
DENND5A,5.34E-19,0.507318575,0.293,0.103,MG3,,
LRCH3,1.08E-18,0.343622955,0.31,0.11,MG3,,
LPAR1,1.32E-18,0.334815957,0.387,0.15,MG3,,
RPS6KA5,2.08E-18,0.380014753,0.229,0.072,MG3,,
MON2,3.54E-18,0.333454919,0.364,0.139,MG3,,
DIP2B,3.64E-18,0.498288725,0.7,0.357,MG3,,
KAZN,3.69E-18,0.742630648,0.168,0.046,MG3,,
WWP1,3.74E-18,0.477037429,0.172,0.046,MG3,,
TOB2,4.39E-18,0.597600024,0.121,0.026,MG3,,
AGO2,7.49E-18,0.649090817,0.189,0.055,MG3,,
LTN1,8.34E-18,0.531258688,0.172,0.047,MG3,,
MAP4,8.99E-18,0.553324093,0.279,0.1,MG3,,
PRKX,9.16E-18,0.45468024,0.118,0.025,MG3,,
CUEDC1,1.58E-17,0.582727263,0.131,0.031,MG3,,
NAALADL2,1.67E-17,0.475661481,0.367,0.149,MG3,,
RP11-611E13.2,1.76E-17,0.621902502,0.111,0.023,MG3,,
NEK1,2.33E-17,0.564457383,0.192,0.058,MG3,,
CC2D2A,3.17E-17,0.544496212,0.111,0.023,MG3,,
CREBZF,3.41E-17,0.524650689,0.121,0.027,MG3,,
CAMTA1,3.62E-17,0.418126289,0.279,0.101,MG3,,
HSD17B4,3.93E-17,0.587225026,0.165,0.046,MG3,,
BCAS3,5.36E-17,0.464504736,0.448,0.195,MG3,,
PPP1R21,5.94E-17,0.460103791,0.249,0.085,MG3,,
SYNE1,6.20E-17,0.677345568,0.195,0.061,MG3,,
TCF12,1.05E-16,0.441978714,0.778,0.409,MG3,,
FANCL,1.06E-16,0.723743227,0.114,0.025,MG3,,
MUM1,1.07E-16,0.526537525,0.178,0.052,MG3,,
CIRBP,1.45E-16,0.485367075,0.114,0.025,MG3,,
ABCG1,1.66E-16,0.500460649,0.152,0.041,MG3,,
ARHGEF7,1.79E-16,0.389830089,0.266,0.095,MG3,,
ZNF652,1.79E-16,0.534846306,0.259,0.093,MG3,,
MUSK,1.90E-16,0.549224104,0.158,0.044,MG3,,
TMEM123,2.44E-16,0.504554889,0.108,0.023,MG3,,
DYNC1LI2,2.87E-16,0.551649563,0.125,0.03,MG3,,
STARD9,3.78E-16,0.522840924,0.111,0.025,MG3,,
PTPN11,4.29E-16,0.408731266,0.172,0.05,MG3,,
VPS37A,4.34E-16,0.512794565,0.125,0.03,MG3,,
SPAG91,4.49E-16,0.562866298,0.293,0.113,MG3,,
NLK,5.12E-16,0.269632815,0.279,0.103,MG3,,
FAF1,5.16E-16,0.358292279,0.438,0.19,MG3,,
CDC42BPB,5.22E-16,0.371515715,0.212,0.069,MG3,,
RBPJ1,5.61E-16,0.280503985,0.347,0.138,MG3,,
CTC-228N24.3,5.72E-16,0.398147507,0.158,0.044,MG3,,
IKZF2,8.05E-16,0.404832011,0.195,0.062,MG3,,
PWWP2A,1.14E-15,0.409242954,0.114,0.026,MG3,,
EPS151,1.21E-15,0.257920135,0.35,0.141,MG3,,
WWOX,1.44E-15,0.380828828,0.616,0.309,MG3,,
NFIA,1.55E-15,0.305559956,0.498,0.226,MG3,,
CTC-358I24.1,1.63E-15,0.612015497,0.162,0.047,MG3,,
DYNC1I2,1.71E-15,0.44279937,0.189,0.059,MG3,,
CNNM2,2.05E-15,0.394598189,0.162,0.047,MG3,,
NUP133,2.61E-15,0.493134052,0.121,0.03,MG3,,
VWA8,2.62E-15,0.442758803,0.162,0.047,MG3,,
ACSS2,2.97E-15,0.321968823,0.118,0.028,MG3,,
MVB12B,3.23E-15,0.340870923,0.394,0.17,MG3,,
ZBTB16,3.26E-15,0.439636049,0.424,0.193,MG3,,
TMEM59,3.27E-15,0.525430471,0.114,0.027,MG3,,
TTLL5,3.77E-15,0.402169288,0.138,0.037,MG3,,
DYNC1I1,3.85E-15,0.560008488,0.104,0.023,MG3,,
TRPC4AP,4.31E-15,0.357709759,0.273,0.103,MG3,,
UTY1,4.56E-15,0.464431373,0.222,0.078,MG3,,
ZFAND5,4.57E-15,0.467161311,0.145,0.04,MG3,,
BBX1,4.87E-15,0.38560114,0.306,0.123,MG3,,
ABCD3,5.21E-15,0.387479908,0.101,0.022,MG3,,
PPP2R2A,5.60E-15,0.366513655,0.253,0.093,MG3,,
PNPT1,6.74E-15,0.483004721,0.125,0.032,MG3,,
NTRK2,7.04E-15,0.446968666,0.141,0.039,MG3,,
CBFA2T2,7.59E-15,0.433619707,0.226,0.08,MG3,,
SPG20,8.60E-15,0.442414831,0.128,0.033,MG3,,
CEP192,9.14E-15,0.327709475,0.249,0.092,MG3,,
GCLC,1.17E-14,0.602899628,0.125,0.032,MG3,,
SLC25A13,1.34E-14,0.320733088,0.273,0.105,MG3,,
MLH3,1.34E-14,0.341925589,0.101,0.023,MG3,,
USP47,1.52E-14,0.355895688,0.29,0.115,MG3,,
UTP20,1.54E-14,0.391676656,0.118,0.029,MG3,,
SIK2,2.53E-14,0.320379312,0.236,0.086,MG3,,
CRADD,2.56E-14,0.45126632,0.182,0.059,MG3,,
TMEM87A,3.84E-14,0.351500782,0.175,0.056,MG3,,
TNRC6A,4.10E-14,0.307157282,0.303,0.122,MG3,,
RUFY3,4.55E-14,0.318673395,0.226,0.082,MG3,,
PTPRA,5.39E-14,0.344276634,0.229,0.084,MG3,,
MBD5,5.68E-14,0.277992472,0.394,0.174,MG3,,
SNX30,5.70E-14,0.27284571,0.205,0.071,MG3,,
KIAA1370,5.85E-14,0.484904664,0.182,0.06,MG3,,
NIPAL3,5.90E-14,0.465545843,0.114,0.029,MG3,,
UACA,6.87E-14,0.328457699,0.108,0.026,MG3,,
HNRNPDL,7.56E-14,0.320357469,0.222,0.081,MG3,,
U2SURP,7.61E-14,0.308404412,0.229,0.084,MG3,,
CDK5RAP2,8.07E-14,0.37069743,0.199,0.069,MG3,,
CYLD,8.11E-14,0.387868212,0.145,0.043,MG3,,
GATAD1,8.79E-14,0.376727602,0.152,0.046,MG3,,
MTURN,1.08E-13,0.560113623,0.125,0.034,MG3,,
ZBTB20,1.16E-13,0.375541447,0.727,0.384,MG3,,
AUTS2,1.21E-13,0.362083053,0.69,0.374,MG3,,
SNRNP70,1.33E-13,0.454307289,0.172,0.056,MG3,,
RP11-783N5.1,1.51E-13,0.300018538,0.158,0.049,MG3,,
ELOVL5,1.56E-13,0.474328202,0.135,0.039,MG3,,
RPS6KC1,1.59E-13,0.302795305,0.205,0.073,MG3,,
PACS2,1.72E-13,0.445819316,0.175,0.058,MG3,,
GALK2,1.81E-13,0.464305491,0.131,0.037,MG3,,
RALGPS1,1.88E-13,0.399530072,0.108,0.027,MG3,,
RP11-509J21.1,1.93E-13,0.414790949,0.182,0.061,MG3,,
MACF1,2.22E-13,0.323551411,0.519,0.255,MG3,,
IWS1,3.30E-13,0.369677697,0.111,0.029,MG3,,
SGK11,3.47E-13,0.367581751,0.532,0.273,MG3,,
NPC1,4.65E-13,0.452143937,0.192,0.068,MG3,,
ZNF280D,5.25E-13,0.312566262,0.145,0.044,MG3,,
AMBRA1,5.27E-13,0.293766762,0.215,0.079,MG3,,
ZC3H13,5.39E-13,0.315359099,0.199,0.071,MG3,,
TIA1,8.43E-13,0.365094487,0.128,0.037,MG3,,
PDE4D,9.05E-13,0.274954388,0.306,0.13,MG3,,
WDR7,9.81E-13,0.394197908,0.263,0.107,MG3,,
RTN1,1.12E-12,0.474925369,0.101,0.025,MG3,,
FAM188A,1.32E-12,0.373762049,0.114,0.031,MG3,,
ANKRD36,1.58E-12,0.305377561,0.185,0.065,MG3,,
NEK3,1.63E-12,0.439806662,0.138,0.042,MG3,,
WASHC5,1.64E-12,0.470303916,0.138,0.043,MG3,,
RTN3,1.78E-12,0.375098063,0.192,0.069,MG3,,
ANAPC5,1.87E-12,0.381547944,0.165,0.056,MG3,,
GTDC1,2.12E-12,0.301347874,0.242,0.096,MG3,,
SGMS1,2.32E-12,0.31014201,0.337,0.15,MG3,,
KIAA0930,2.64E-12,0.311360605,0.138,0.043,MG3,,
BPTF,2.73E-12,0.292431198,0.407,0.19,MG3,,
GRIK2,3.25E-12,0.351084596,0.152,0.049,MG3,,
SLC20A2,3.87E-12,0.318789528,0.152,0.049,MG3,,
ATE1,4.53E-12,0.308106509,0.182,0.065,MG3,,
UPF3A,5.02E-12,0.522944899,0.118,0.034,MG3,,
TANC21,5.15E-12,0.396421632,0.279,0.121,MG3,,
CDKL5,6.42E-12,0.374516561,0.128,0.039,MG3,,
WNK1,8.45E-12,0.277214323,0.364,0.169,MG3,,
MDN1,9.99E-12,0.294878787,0.155,0.052,MG3,,
YWHAQ,1.12E-11,0.445309735,0.114,0.033,MG3,,
ZC3H6,1.20E-11,0.368898402,0.145,0.047,MG3,,
GLUD1,1.22E-11,0.313908222,0.121,0.036,MG3,,
RAD21,1.23E-11,0.357525754,0.104,0.028,MG3,,
CORO1C,1.43E-11,0.268974988,0.155,0.053,MG3,,
PHF14,1.90E-11,0.291712544,0.229,0.092,MG3,,
CAPN7,2.50E-11,0.316832163,0.185,0.069,MG3,,
ANKRD121,2.55E-11,0.332326343,0.205,0.08,MG3,,
NUCKS1,3.16E-11,0.404098689,0.155,0.054,MG3,,
LRRC4C,3.84E-11,0.433335329,0.118,0.036,MG3,,
MIGA1,3.87E-11,0.397207994,0.108,0.031,MG3,,
WDR59,4.29E-11,0.266513735,0.121,0.037,MG3,,
PEX1,5.29E-11,0.392361999,0.108,0.031,MG3,,
CNTN1,6.49E-11,0.546020054,0.108,0.032,MG3,,
AUH,7.00E-11,0.264771995,0.178,0.067,MG3,,
DENND5B,8.20E-11,0.281175557,0.125,0.039,MG3,,
TBC1D32,1.00E-10,0.442760442,0.101,0.029,MG3,,
ARHGAP5,1.11E-10,0.300240355,0.135,0.045,MG3,,
USP14,1.14E-10,0.27493221,0.111,0.033,MG3,,
GRM7,1.20E-10,0.299060638,0.111,0.033,MG3,,
MTERF1,1.61E-10,0.366693613,0.108,0.032,MG3,,
PTP4A2,1.79E-10,0.396794829,0.104,0.031,MG3,,
MRPS5,2.27E-10,0.322844929,0.131,0.044,MG3,,
TTC21B,2.44E-10,0.316236407,0.114,0.036,MG3,,
SOGA1,3.55E-10,0.259816073,0.168,0.064,MG3,,
GLCE,5.20E-10,0.251027944,0.128,0.043,MG3,,
AGPS,5.45E-10,0.253940494,0.148,0.054,MG3,,
KIF2A,6.31E-10,0.29468802,0.182,0.072,MG3,,
SMAD5,7.54E-10,0.35187685,0.125,0.042,MG3,,
CRBN,1.25E-09,0.397901123,0.101,0.031,MG3,,
FAM126A,1.30E-09,0.279725297,0.145,0.053,MG3,,
NLGN4Y,1.31E-09,0.315739429,0.152,0.057,MG3,,
ABCC5,1.39E-09,0.435494262,0.111,0.036,MG3,,
RFC1,1.42E-09,0.270456515,0.111,0.036,MG3,,
SMG7,2.33E-09,0.352466927,0.138,0.051,MG3,,
N4BP2L2,2.35E-09,0.256303579,0.391,0.203,MG3,,
ICE2,2.42E-09,0.294186441,0.131,0.047,MG3,,
INVS,2.61E-09,0.303299473,0.219,0.096,MG3,,
RRBP1,2.65E-09,0.293983738,0.141,0.052,MG3,,
KDM6A,3.25E-09,0.260938811,0.29,0.14,MG3,,
FAM69A,3.29E-09,0.340971415,0.121,0.042,MG3,,
TMEM178B,3.47E-09,0.356054486,0.128,0.046,MG3,,
KLHL24,4.07E-09,0.30505823,0.185,0.078,MG3,,
AHI1,4.24E-09,0.356599602,0.128,0.046,MG3,,
MED27,4.57E-09,0.277945051,0.128,0.046,MG3,,
KIAA0586,4.61E-09,0.359159925,0.101,0.032,MG3,,
ARHGAP17,6.61E-09,0.324994062,0.141,0.054,MG3,,
PTPN4,6.63E-09,0.397046963,0.135,0.05,MG3,,
TPT1-AS1,1.06E-08,0.329598444,0.111,0.038,MG3,,
KRIT1,1.08E-08,0.314681899,0.135,0.051,MG3,,
ARMCX4,1.56E-08,0.251027044,0.135,0.051,MG3,,
WDSUB1,1.08E-07,0.257766649,0.121,0.047,MG3,,
RP11-384F7.2,1.17E-07,0.319760114,0.104,0.038,MG3,,
MT-RNR1,1.43E-07,0.330847674,0.138,0.057,MG3,,
RP11-322M19.1,1.59E-07,0.25168222,0.125,0.049,MG3,,
PDE7A,1.71E-07,0.262838757,0.111,0.042,MG3,,
C5orf42,2.13E-07,0.339539796,0.131,0.054,MG3,,
EFCAB13,3.21E-07,0.285909449,0.175,0.081,MG3,,
HSP90AB1,1.05E-06,0.318053131,0.101,0.039,MG3,,
NBEAL1,1.20E-06,0.25956909,0.121,0.051,MG3,,
CCDC66,1.59E-05,0.267867376,0.104,0.045,MG3,,
UPF3B,9.92E-05,0.319551652,0.108,0.052,MG3,,
OPCML,3.00E-106,2.601937985,0.53,0.073,MG4,,
CSMD1,7.05E-85,2.395494968,0.554,0.1,MG4,,
NRG3,1.24E-79,2.325227649,0.49,0.082,MG4,,
FAM155A,2.85E-79,2.372362684,0.421,0.061,MG4,,
RBFOX1,8.14E-75,2.474078623,0.574,0.123,MG4,,
NRXN1,9.71E-74,2.192270549,0.426,0.065,MG4,,
MEG3,3.30E-70,2.372370359,0.52,0.107,MG4,,
SYT1,1.87E-68,2.275626909,0.361,0.051,MG4,,
DLGAP1,8.09E-68,2.154313514,0.366,0.052,MG4,,
GRIA1,1.52E-57,2.055736829,0.317,0.046,MG4,,
STXBP5L,3.05E-53,1.812616637,0.322,0.05,MG4,,
HS6ST3,2.69E-52,1.942440099,0.252,0.032,MG4,,
SLC24A3,3.26E-51,1.964610991,0.193,0.018,MG4,,
DCC,3.42E-49,2.057468261,0.252,0.034,MG4,,
PLCB1,7.90E-49,2.055527029,0.223,0.026,MG4,,
LSAMP1,2.07E-47,1.927386181,0.485,0.126,MG4,,
GRIN2B,4.11E-47,1.881420167,0.213,0.025,MG4,,
ROBO2,9.93E-46,1.924470897,0.257,0.038,MG4,,
CCSER1,2.13E-44,1.859286581,0.307,0.055,MG4,,
SNHG14,2.23E-43,1.898859078,0.396,0.093,MG4,,
FRMPD4,3.57E-43,1.737162329,0.158,0.015,MG4,,
RGS7,2.10E-41,1.756386816,0.223,0.031,MG4,,
GRIK21,1.27E-38,1.836193565,0.262,0.046,MG4,,
CACNA2D3,3.58E-38,1.686404281,0.183,0.023,MG4,,
RYR21,1.97E-36,1.873582491,0.272,0.053,MG4,,
CNTNAP5,2.76E-36,1.647656115,0.163,0.019,MG4,,
TENM2,3.27E-35,1.58835933,0.203,0.03,MG4,,
NELL2,3.45E-35,1.670644221,0.188,0.026,MG4,,
FGF14,1.02E-34,1.767248245,0.203,0.031,MG4,,
SHISA6,1.90E-34,1.454199022,0.163,0.02,MG4,,
KCTD16,5.93E-34,1.609125916,0.153,0.018,MG4,,
LRRC71,9.52E-34,1.67410915,0.267,0.054,MG4,,
GRIA21,1.41E-33,1.741414981,0.252,0.049,MG4,,
ADGRB31,1.42E-33,1.486170421,0.446,0.135,MG4,,
SNTG1,2.44E-33,1.587312103,0.208,0.033,MG4,,
KCNQ5,1.92E-32,1.711553183,0.223,0.039,MG4,,
CADM21,6.48E-32,1.506017811,0.465,0.155,MG4,,
CACNA1E,7.92E-32,1.614076593,0.134,0.015,MG4,,
CAMK2A,8.49E-32,1.432418255,0.149,0.018,MG4,,
MAP2,2.75E-31,1.60701438,0.218,0.039,MG4,,
KCND2,2.77E-31,1.305164392,0.139,0.016,MG4,,
RP11-384F7.21,7.47E-31,1.534132228,0.203,0.034,MG4,,
WBSCR17,8.91E-31,1.271822727,0.139,0.016,MG4,,
CADPS,4.14E-30,1.466537115,0.163,0.023,MG4,,
SORBS1,6.02E-30,1.203803708,0.129,0.014,MG4,,
CELF4,7.41E-30,1.423231806,0.134,0.016,MG4,,
AGBL4,9.66E-30,1.594795954,0.223,0.042,MG4,,
EPHA6,1.02E-29,1.5486698,0.173,0.026,MG4,,
KCNT2,1.34E-28,1.168610444,0.104,0.01,MG4,,
SCN2A,5.98E-28,1.470635261,0.124,0.014,MG4,,
RIMS1,1.02E-27,1.480004709,0.163,0.025,MG4,,
NTRK3,5.00E-27,1.251495415,0.104,0.01,MG4,,
LRFN5,5.98E-27,1.283685786,0.124,0.015,MG4,,
GALNT18,8.98E-27,1.359613305,0.119,0.014,MG4,,
SPHKAP,3.29E-26,1.272325873,0.109,0.012,MG4,,
CHRM3,5.63E-26,1.361761787,0.104,0.011,MG4,,
CSMD31,1.06E-25,1.490771839,0.198,0.039,MG4,,
PLXNA4,1.07E-24,1.3209107,0.114,0.014,MG4,,
CDK14,2.13E-24,1.294993891,0.134,0.019,MG4,,
GRIN2A,4.20E-24,1.51611106,0.144,0.023,MG4,,
XKR4,7.99E-24,1.22444076,0.119,0.016,MG4,,
HCN1,1.34E-23,1.48187625,0.104,0.012,MG4,,
AC074363.1,1.60E-23,1.15959151,0.109,0.013,MG4,,
TMEM132B,2.62E-23,1.251813955,0.119,0.016,MG4,,
KALRN,4.26E-23,1.357387134,0.158,0.028,MG4,,
DLG21,5.23E-23,1.196479972,0.525,0.224,MG4,,
GRM71,4.04E-21,1.501936214,0.163,0.033,MG4,,
PDE4D1,6.79E-21,1.148638493,0.371,0.131,MG4,,
LRP1B1,8.57E-21,1.321328629,0.327,0.108,MG4,,
CNKSR2,1.35E-20,1.442188412,0.144,0.026,MG4,,
TNR,2.00E-20,1.329320378,0.104,0.014,MG4,,
ROBO11,2.75E-20,1.42003403,0.178,0.04,MG4,,
GRM5,5.16E-20,1.401220059,0.114,0.017,MG4,,
NEBL,5.57E-20,1.239682136,0.124,0.02,MG4,,
ZFPM2,1.51E-19,1.29820404,0.183,0.042,MG4,,
NKAIN3,1.85E-19,1.261759654,0.129,0.022,MG4,,
IQCJ-SCHIP11,2.01E-19,1.534914072,0.198,0.049,MG4,,
PCLO,2.76E-19,1.199714959,0.168,0.036,MG4,,
ERC2,3.86E-19,1.277325903,0.218,0.058,MG4,,
PPM1E,9.57E-19,1.216237389,0.144,0.028,MG4,,
NLGN11,4.21E-18,1.331044808,0.267,0.085,MG4,,
CLSTN2,4.82E-18,1.084072952,0.158,0.034,MG4,,
RIMS2,6.82E-18,1.202260526,0.114,0.019,MG4,,
GABRB3,9.49E-18,1.213298851,0.104,0.016,MG4,,
DPP61,1.21E-17,1.299174958,0.144,0.03,MG4,,
ST6GALNAC5,1.92E-17,1.411495676,0.129,0.025,MG4,,
DPP10,2.08E-17,1.696490378,0.198,0.053,MG4,,
CHN1,6.76E-17,1.047149479,0.119,0.022,MG4,,
CTNNA2,1.51E-16,1.338648679,0.168,0.042,MG4,,
NCAM21,2.19E-16,1.012024956,0.297,0.105,MG4,,
TRIM91,2.27E-16,1.295065172,0.129,0.026,MG4,,
DCLK1,2.48E-16,1.388254276,0.119,0.023,MG4,,
RALYL,2.57E-16,1.124720551,0.114,0.021,MG4,,
KIAA1217,2.91E-16,0.996529961,0.104,0.018,MG4,,
DMD1,2.96E-16,1.539586637,0.238,0.077,MG4,,
SLC1A2,6.77E-16,1.420969086,0.168,0.043,MG4,,
GRIP1,4.50E-15,0.911137657,0.124,0.026,MG4,,
ANKS1B1,4.73E-15,1.300283875,0.243,0.083,MG4,,
FAM19A1,5.94E-15,1.110349252,0.129,0.028,MG4,,
DYNC1I11,6.56E-15,1.145339244,0.119,0.025,MG4,,
AFF3,7.71E-15,0.977681987,0.173,0.046,MG4,,
NKAIN21,7.98E-15,0.966405092,0.282,0.101,MG4,,
GRIA3,2.12E-14,0.977921654,0.114,0.023,MG4,,
NEGR11,2.63E-14,1.358889475,0.158,0.042,MG4,,
GPM6A,3.32E-14,1.052698967,0.139,0.033,MG4,,
LRRTM41,1.49E-13,1.045241213,0.153,0.041,MG4,,
CTNND21,1.51E-13,1.138061036,0.228,0.078,MG4,,
RYR3,2.55E-13,1.079283191,0.104,0.021,MG4,,
NRXN31,3.07E-13,1.239313458,0.277,0.111,MG4,,
PTPRG,4.90E-13,0.985920203,0.168,0.049,MG4,,
NRCAM,5.64E-13,1.059571456,0.129,0.031,MG4,,
SYNE11,9.72E-13,0.956333519,0.198,0.064,MG4,,
PDE1A1,1.99E-12,1.155063801,0.163,0.049,MG4,,
KHDRBS2,3.02E-12,0.934070601,0.109,0.025,MG4,,
MYT1L,4.06E-12,1.129981732,0.104,0.023,MG4,,
CPE,4.95E-12,1.155486216,0.114,0.027,MG4,,
CPNE4,6.11E-12,1.14907767,0.114,0.027,MG4,,
GPC5,1.02E-11,1.179946243,0.109,0.026,MG4,,
ADGRL31,1.13E-11,1.05905275,0.158,0.048,MG4,,
PPFIA21,1.95E-11,1.091328526,0.139,0.04,MG4,,
PHACTR1,2.35E-11,0.852927401,0.282,0.117,MG4,,
SGIP11,2.37E-11,1.020909903,0.109,0.027,MG4,,
CAMTA11,5.68E-11,0.936187073,0.257,0.106,MG4,,
SPTAN1,6.29E-11,0.89105256,0.114,0.029,MG4,,
DAB1,1.16E-10,0.97772774,0.183,0.064,MG4,,
CNTN11,2.47E-10,1.019020773,0.119,0.033,MG4,,
FAM19A2,2.84E-10,0.820688744,0.134,0.039,MG4,,
ATRNL1,3.51E-10,0.77999611,0.104,0.026,MG4,,
ASTN1,3.95E-10,0.99881399,0.114,0.031,MG4,,
ANK21,4.72E-10,0.863135193,0.243,0.101,MG4,,
MAPK10,4.81E-10,0.871868911,0.188,0.068,MG4,,
ANK31,7.17E-10,0.868076771,0.257,0.11,MG4,,
MAP1B1,9.72E-10,1.17092391,0.163,0.057,MG4,,
RORA,1.02E-09,0.918312568,0.104,0.027,MG4,,
MTUS2,1.32E-09,0.954501549,0.163,0.057,MG4,,
LRRC4C1,3.16E-09,0.910734674,0.124,0.038,MG4,,
MAGI21,6.24E-09,0.735158991,0.252,0.111,MG4,,
SPTBN11,1.88E-08,1.04033744,0.119,0.039,MG4,,
NBEA,2.55E-08,0.765402476,0.342,0.179,MG4,,
NTM1,4.46E-08,0.775825146,0.188,0.078,MG4,,
AKAP61,6.14E-08,0.91585264,0.163,0.065,MG4,,
NTRK21,4.98E-07,0.879705336,0.119,0.043,MG4,,
FOCAD,9.46E-07,0.672854906,0.139,0.054,MG4,,
PTPRD1,1.55E-06,0.618935705,0.213,0.102,MG4,,
ASPH,1.84E-06,0.725638805,0.109,0.039,MG4,,
OPHN1,3.34E-06,0.698714686,0.129,0.051,MG4,,
CACNA2D11,6.54E-06,0.848031777,0.109,0.042,MG4,,
ENOX11,7.88E-06,0.767429751,0.109,0.042,MG4,,
MIR99AHG,1.39E-05,0.700568409,0.347,0.217,MG4,,
CST3,2.09E-05,0.583407821,0.109,0.043,MG4,,
COPG2,2.29E-05,0.613228722,0.208,0.109,MG4,,
AKAP11,3.60E-05,0.566434773,0.129,0.056,MG4,,
DOCK31,3.68E-05,0.513504737,0.163,0.079,MG4,,
MDGA21,4.02E-05,0.934796308,0.109,0.046,MG4,,
SUPT3H,5.71E-05,0.606435999,0.203,0.109,MG4,,
RAPGEF51,6.95E-05,0.833253355,0.114,0.051,MG4,,
WDR43,9.44E-05,0.604111767,0.109,0.047,MG4,,
CPEB4,0.000101227,0.704212354,0.198,0.108,MG4,,
RP3-487J7.2,0.000101278,0.353261585,0.129,0.058,MG4,,
ATP1B11,0.000103278,0.659597412,0.104,0.045,MG4,,
PTPN41,0.000105659,0.537926044,0.119,0.053,MG4,,
MKL2,0.000108996,0.636780092,0.114,0.05,MG4,,
DPYSL21,0.000115181,0.523233292,0.188,0.1,MG4,,
EDIL31,0.000144112,0.703849239,0.144,0.072,MG4,,
LARGE,0.000153012,0.531071564,0.149,0.074,MG4,,
TMEM178B1,0.000191358,0.562000034,0.109,0.049,MG4,,
DST1,0.00019714,0.431980487,0.431,0.297,MG4,,
KIF1B1,0.000212179,0.503416075,0.178,0.095,MG4,,
MT-RNR2,0.000229429,0.644273056,0.347,0.232,MG4,,
TTC3,0.000230087,0.484659684,0.243,0.144,MG4,,
TCF41,0.000236375,0.466631702,0.282,0.177,MG4,,
EXOC6B1,0.000303024,0.470439468,0.272,0.167,MG4,,
SH3BGRL1,0.00047664,0.350211695,0.228,0.133,MG4,,
AEBP2,0.000484919,0.571327356,0.144,0.075,MG4,,
TRPM3,0.000519991,0.480427079,0.104,0.048,MG4,,
SPOCK11,0.000543185,0.458378483,0.139,0.072,MG4,,
KAZN1,0.000606709,0.458275696,0.109,0.052,MG4,,
REPS1,0.000649183,0.352297028,0.124,0.061,MG4,,
PRKCE1,0.000711797,0.384883808,0.252,0.156,MG4,,
PEX5L1,0.000721067,0.681550154,0.114,0.057,MG4,,
MEF2D,0.000731456,0.466459158,0.104,0.049,MG4,,
MT-RNR11,0.000742884,0.619780817,0.119,0.06,MG4,,
NIN,0.000797444,0.415126473,0.144,0.076,MG4,,
SMARCA1,0.001203313,0.406371517,0.104,0.05,MG4,,
CERS6,0.001298904,0.412973181,0.124,0.064,MG4,,
NSUN6,0.001456454,0.45629593,0.124,0.064,MG4,,
KIAA1109,0.001471579,0.438501971,0.272,0.177,MG4,,
PPP3CA,0.001540533,0.31681192,0.302,0.197,MG4,,
TMEM168,0.001635604,0.322562097,0.114,0.058,MG4,,
NEDD4L1,0.002317168,0.355723249,0.173,0.102,MG4,,
CNNM21,0.002419821,0.376425367,0.104,0.053,MG4,,
GMDS,0.002500437,0.254832257,0.144,0.08,MG4,,
SRPK21,0.002604428,0.536619338,0.193,0.12,MG4,,
FBXO34,0.002749049,0.327568118,0.119,0.063,MG4,,
ASXL2,0.003236588,0.344057652,0.168,0.1,MG4,,
PPP3CB,0.00366582,0.364373753,0.124,0.068,MG4,,
TPR,0.003870686,0.350016966,0.153,0.09,MG4,,
NAV31,0.003925138,0.250115127,0.54,0.412,MG4,,
CALM1,0.003929303,0.675697394,0.178,0.113,MG4,,
HOOK3,0.004084826,0.320833609,0.168,0.101,MG4,,
ERBB41,0.004134135,0.494124585,0.129,0.073,MG4,,
GSK3B,0.004255702,0.290302152,0.223,0.143,MG4,,
CDC42BPA1,0.004302439,0.418734353,0.104,0.055,MG4,,
APC,0.004711149,0.552935364,0.144,0.084,MG4,,
PLEKHA5,0.004857864,0.293071171,0.119,0.065,MG4,,
CAP1,0.005401625,0.483336813,0.104,0.056,MG4,,
SHTN11,0.005548624,0.352005115,0.302,0.213,MG4,,
ARHGAP32,0.005744886,0.414820705,0.163,0.1,MG4,,
BTBD9,0.005959048,0.288100552,0.287,0.195,MG4,,
ATRN,0.006550331,0.393940993,0.158,0.097,MG4,,
VPS8,0.006962551,0.528293753,0.153,0.096,MG4,,
RTN31,0.007398742,0.363433079,0.129,0.075,MG4,,
MYO61,0.00755351,0.441044019,0.119,0.069,MG4,,
FAM208B,0.008618167,0.282935565,0.109,0.061,MG4,,
NCAM11,0.00926522,0.38745674,0.114,0.066,MG4,,
DTNB,0.009652444,0.366303414,0.198,0.133,MG4,,
SLC2A13,0.010264614,0.295370815,0.124,0.073,MG4,,
DYNC1I21,0.010475069,0.384661078,0.114,0.066,MG4,,
KANSL1L,0.011040815,0.274046797,0.144,0.088,MG4,,
LIMCH11,0.012362309,0.469144484,0.104,0.061,MG4,,
FNBP1L,0.012588357,0.302917254,0.153,0.097,MG4,,
CAMSAP2,0.012819638,0.34059465,0.163,0.105,MG4,,
LARS,0.013309016,0.331841386,0.109,0.063,MG4,,
ATAD2B,0.013320197,0.315519855,0.163,0.105,MG4,,
SENP5,0.015061221,0.281815346,0.149,0.094,MG4,,
MYO9A,0.015401234,0.525544113,0.114,0.07,MG4,,
MON21,0.01543443,0.331929902,0.218,0.151,MG4,,
SOS1,0.015902997,0.373676896,0.193,0.133,MG4,,
PCNX1,0.016099995,0.388931639,0.168,0.111,MG4,,
SMYD3,0.01716708,0.350774846,0.297,0.22,MG4,,
SMURF2,0.017947769,0.348916983,0.208,0.145,MG4,,
EPC2,0.01830686,0.329906871,0.139,0.088,MG4,,
NUMB,0.019971145,0.386874307,0.193,0.132,MG4,,
USP40,0.020399334,0.371534269,0.109,0.066,MG4,,
PSD31,0.020806457,0.268406101,0.158,0.104,MG4,,
ZC3H131,0.021114343,0.361302948,0.124,0.078,MG4,,
EXT1,0.021666603,0.265508452,0.144,0.092,MG4,,
SRGAP31,0.022445833,0.35287449,0.134,0.085,MG4,,
UNC5C1,0.022652775,0.351790917,0.124,0.078,MG4,,
PPA2,0.022812249,0.272342979,0.134,0.085,MG4,,
LRP11,0.025021371,0.276235602,0.129,0.082,MG4,,
STXBP5,0.026020621,0.29249596,0.134,0.086,MG4,,
PPP1R12A,0.027010267,0.333387503,0.208,0.148,MG4,,
BCLAF1,0.028993943,0.38421703,0.129,0.084,MG4,,
RBM25,0.029074041,0.275490567,0.391,0.304,MG4,,
NFATC21,0.030740665,0.336084025,0.163,0.111,MG4,,
MACROD2,0.031938172,0.394480935,0.188,0.132,MG4,,
IL18,0.032133929,0.405912545,0.109,0.069,MG4,,
SEMA6D,0.033569179,0.274370174,0.109,0.068,MG4,,
SOX5,0.033972244,0.375667841,0.114,0.072,MG4,,
DIP2C1,0.037843888,0.446274244,0.149,0.103,MG4,,
E2F3,0.038267398,0.33947477,0.129,0.086,MG4,,
TRRAP,0.038949072,0.362008288,0.134,0.09,MG4,,
MGEA5,0.041134308,0.2986935,0.163,0.115,MG4,,
MICU2,0.042963139,0.252863157,0.129,0.086,MG4,,
NFX1,0.044248885,0.25122955,0.144,0.098,MG4,,
POU2F1,0.048876528,0.401514996,0.153,0.109,MG4,,
